Canonical_Cable_Name,Original Cable Name,Date,Type,Specific Location,Cause,Suspected Actor (Vessel/Individual),Nation State Suspected,Outage Impact,Dollar Cost (USD),Duration of Outage,Latitude,Longitude,Status,Source,Link #1,Link #2,Link #3
Bornholm Cable,Bornholm Cable,10/10/2004,Power cable,"55°17?50?N 14°26?07?E, just over 15 kilometers off the Swedish coast at a depth of 50 meters.",Anchor drag,Tug Merkur (suspected),None (accidental),Power disruption to Bornholm island,Roughly 200-300K USD (reported as several million kroner),Permanent repairs took roughly two months,55.297222,14.435,Resolved,Wikipedia / TV 2 Denmark,https://en.wikipedia.org/wiki/Baltic_Sea_underwater_infrastructure_incidents,https://nyheder.tv2.dk/2004-10-11-dyr-reparation-af-bornholmerkabel,https://spectrum.ieee.org/danish-island-tests-smart-grid
APCN-2,"APCN-2 (S3, S7)",12/26/2006,Fiber optic data cable,Taiwan Strait / South China Sea (off SW Taiwan),Earthquake-triggered submarine landslide and turbidity currents (M7.0 Hengchun earthquake),N/A - natural disaster,None,100% connectivity lost HK-Taiwan; 74% to mainland China; financial markets disrupted; 49-day repair involving 11 cable ships,,49 days,21.97,120.82,Resolved,SubmarineNetworks.com; China Telecom press release; ICPC report,https://www.submarinenetworks.com/en/nv/news/cables-cut-after-taiwan-earthquake-2006,https://en.wikipedia.org/wiki/2006_Hengchun_earthquakes,https://iscpc.org/documents/?id=201
SEA-ME-WE 3,SEA-ME-WE 3,12/26/2006,Fiber optic data cable,South China Sea (off SW Taiwan),Earthquake-triggered submarine landslide and turbidity currents (M7.0 Hengchun earthquake),N/A - natural disaster,None,Major disruption to internet services across Asia,,,21.97,120.82,Resolved,SubmarineNetworks.com; Wikipedia / SEA-ME-WE 3,https://www.submarinenetworks.com/en/nv/news/cables-cut-after-taiwan-earthquake-2006,https://en.wikipedia.org/wiki/SEA-ME-WE_3_(cable_system),
FLAG North Asia Loop/REACH North Asia Loop,FLAG FEA (North Asia Loop),12/26/2006,Fiber optic data cable,South China Sea (off SW Taiwan),Earthquake-triggered submarine landslide and turbidity currents (M7.0 Hengchun earthquake),N/A - natural disaster,None,HK-Busan segment severed; part of broader regional disruption,,,21.97,120.82,Resolved,SubmarineNetworks.com; Wikipedia / 2006 Hengchun earthquakes,https://www.submarinenetworks.com/en/nv/news/cables-cut-after-taiwan-earthquake-2006,https://en.wikipedia.org/wiki/2006_Hengchun_earthquakes,
EAC-C2C,"C2C, China-US CN, EAC, CUCN",12/26/2006,Fiber optic data cables (multiple),South China Sea (off SW Taiwan),Earthquake-triggered submarine landslide and turbidity currents (M7.0 Hengchun earthquake),N/A - natural disaster,None,Part of 8-cable mass severance; 90%+ outage for China Telecom and China Unicom to US/Europe,,,21.97,120.82,Resolved,SubmarineNetworks.com; China Telecom / China Unicom press releases,https://www.submarinenetworks.com/en/nv/news/cables-cut-after-taiwan-earthquake-2006,https://en.wikipedia.org/wiki/2006_Hengchun_earthquakes,
SeaMeWe-4,SEA-ME-WE 4,1/30/2008,Fiber optic data cable,"Mediterranean Sea, ~8km off Alexandria, Egypt",Anchor drag (suspected; no ships confirmed on port CCTV),Unknown vessel(s) near Alexandria,None confirmed,"70% disruption in Egypt, 60% in India; ~60M users in India, 12M in Pakistan, 6M in Egypt affected",,,31.2,29.8,Resolved - two ships later impounded April 2008,BBC News (31 Jan 2008); Reuters; Khaleej Times,https://news.bbc.co.uk/2/hi/technology/7218008.stm,https://en.wikipedia.org/wiki/2008_submarine_cable_disruption,https://www.nbcnews.com/id/wbna23068571
FEA,FLAG FEA,1/30/2008,Fiber optic data cable,"Mediterranean Sea, off Alexandria, Egypt",Anchor drag (suspected),Unknown vessel near Alexandria,None confirmed,Part of simultaneous dual-cable cut; widespread Middle East / South Asia outage,,,31.2,29.8,Resolved,BBC News (31 Jan 2008); AP; Khaleej Times,https://news.bbc.co.uk/2/hi/technology/7218008.stm,https://en.wikipedia.org/wiki/2008_submarine_cable_disruption,https://www.nbcnews.com/id/wbna23068571
FALCON,FALCON,2/1/2008,Fiber optic data cable,"Persian Gulf, near Dubai, UAE","Anchor drag (abandoned anchor, ~5-6 tonnes confirmed)",Unknown vessel near Dubai,None confirmed,Persian Gulf connectivity disruption; 4th cable cut in 5 days,,,25.2,55.3,Resolved - anchor confirmed by FLAG Telecom press release,FLAG Telecom press release (Feb 2008); Khaleej Times,https://en.wikipedia.org/wiki/2008_submarine_cable_disruption,https://randomdrake.com/2008/02/12/the-submarine-cables-a-complete-guide-to-the-2008-internet-outage/,
DOHA-HALOUL,DOHA-HALOUL,2/3/2008,Fiber optic data cable,"Persian Gulf, Qatar-UAE route",Power system fault,N/A - accidental,None,Additional disruption to already-damaged Middle East networks,,,25.5,51.3,Resolved,Khaleej Times (4 Feb 2008); Arabian Business,https://en.wikipedia.org/wiki/2008_submarine_cable_disruption,https://www.submarinenetworks.com/en/nv/news/cable-cuts-in-jan-feb-2008,
SEA-ME-WE 3,"SEA-ME-WE 3, SEA-ME-WE 4, FLAG FEA, GO-1",12/19/2008,Fiber optic data cables (multiple),"Mediterranean Sea, Alexandria to Malta-Sicily corridor",Anchor drag or severe weather,Unknown vessel(s) near Alexandria/Malta,None confirmed,,,,31.2,29.8,Resolved by end of December 2008,France Telecom press release (19 Dec 2008); Reuters (20 Dec 2008); Bloomberg,https://www.reuters.com/article/internetNews/idUSTRE4BJ0FV20081220,https://en.wikipedia.org/wiki/2008_submarine_cable_disruption,
SeaMeWe-4,"SEA-ME-WE 3, SEA-ME-WE 4, FLAG FEA, GO-1",12/19/2008,Fiber optic data cables (multiple),"Mediterranean Sea, Alexandria to Malta-Sicily corridor",Anchor drag or severe weather,Unknown vessel(s) near Alexandria/Malta,None confirmed,,,,31.2,29.8,Resolved by end of December 2008,France Telecom press release (19 Dec 2008); Reuters (20 Dec 2008); Bloomberg,https://www.reuters.com/article/internetNews/idUSTRE4BJ0FV20081220,https://en.wikipedia.org/wiki/2008_submarine_cable_disruption,
FEA,"SEA-ME-WE 3, SEA-ME-WE 4, FLAG FEA, GO-1",12/19/2008,Fiber optic data cables (multiple),"Mediterranean Sea, Alexandria to Malta-Sicily corridor",Anchor drag or severe weather,Unknown vessel(s) near Alexandria/Malta,None confirmed,,,,31.2,29.8,Resolved by end of December 2008,France Telecom press release (19 Dec 2008); Reuters (20 Dec 2008); Bloomberg,https://www.reuters.com/article/internetNews/idUSTRE4BJ0FV20081220,https://en.wikipedia.org/wiki/2008_submarine_cable_disruption,
Bornholm Cable,Bornholm Cable,1/1/2010,Power cable,55°17?50?N 14°26?07?E,Anchor drag,MV Timberland,None (accidental),,,,55.297,14.435,Resolved,Wikipedia,https://en.wikipedia.org/wiki/Baltic_Sea_underwater_infrastructure_incidents,,
SEA-ME-WE 3,SEA-ME-WE 3,12/25/2011,Fiber optic data cable,"Mediterranean Sea, Suez Canal approach, Egypt",Unknown physical mechanism,Unknown,Unknown,"Internet slowdowns in UAE, Saudi Arabia, Egypt; du telecom warned of degraded speeds",,,31.2,32.3,Resolved,Wikipedia / SEA-ME-WE 3; 2011 submarine cable disruption article,https://en.wikipedia.org/wiki/2011_submarine_cable_disruption,https://en.wikipedia.org/wiki/SEA-ME-WE_3_(cable_system),https://grokipedia.com/page/2011_submarine_cable_disruption
i2i Cable Network (i2icn),i2i,12/25/2011,Fiber optic data cable,"Indian Ocean, Chennai-Singapore route",Unknown physical mechanism,Unknown,Unknown,Disruption to India-Singapore connectivity,,,10,80,Resolved,Wikipedia / 2011 submarine cable disruption,https://en.wikipedia.org/wiki/2011_submarine_cable_disruption,,https://grokipedia.com/page/2011_submarine_cable_disruption
Bornholm Cable,Bornholm Cable,1/15/2013,Power cable,55°17?50?N 14°26?07?E,Anchor drag,Unknown vessel,None (accidental),,,,55.297,14.435,Resolved - compensation paid,Wikipedia / TV 2 Bornholm,https://en.wikipedia.org/wiki/Baltic_Sea_underwater_infrastructure_incidents,,
SeaMeWe-4,SEA-ME-WE 4,3/27/2013,Fiber optic data cable,"Mediterranean Sea, off Alexandria, Egypt",Deliberate cable cutting by divers,Three unidentified divers (arrested by Egyptian Navy),"Unknown / Egypt (criminal, not state-linked)","Reduced internet speeds across Egypt, India, Pakistan, South Africa; SEACOM rerouted traffic",,,31.2,29.8,Resolved - three suspects arrested and interrogated by Egyptian Navy,The Register (27 Mar 2013); TechCrunch (28 Mar 2013); CNBC (28 Mar 2013); Seacom official statement,https://www.theregister.com/2013/03/27/egypt_cables_cut_arrest/,,
Svalbard Undersea Cable System,Svalbard Undersea Cable System (Svalbardfiberen),1/7/2022,Fiber optic data cable,"Svalbard, Norway (Arctic)",Anchor drag (Russian fishing vessels suspected),Russian fishing vessels (suspected),Russia (suspected),Disruption to Svalbard communications; backup satellite links activated,"$6,100,000 ",11 days,78.22,15.65,Resolved,NUPI Policy Brief (2023); ICSF,https://www.nupi.no/content/pdf_preview/26372/file/NUPI_Policy_Brief_1_23_Schia_Gjesvik_R%C3%B8dningen-FERDIG.pdf,https://icsf.net/newss/mysterious-atlantic-cable-cuts-linked-to-russian-fishing-vessels/,
Tonga Cable,Tonga Cable (Tonga-Fiji) + Tonga Domestic Extension,1/15/2022,Fiber optic data cable,"South Pacific Ocean, near Hunga Tonga-Hunga Ha'apai volcano",Volcanic eruption (Hunga Tonga-Hunga Ha'apai) triggering turbidity currents; cable shattered in 4-5 places,N/A - natural disaster,None,Total internet blackout for Tonga for ~5 weeks; satellite backup insufficient; delayed international disaster aid; domestic extension took 18 months to repair,,~5 weeks (international); 18 months (domestic),-20.54,-175.38,International cable resolved 22 Feb 2022; domestic cable resolved July 2023,SubTel Forum; SubmarineNetworks.com; Digicel press release; The Register (2 Mar 2022); DCD (22 Feb 2022),https://subtelforum.com/tonga-cable-successfully-repaired/,https://www.theregister.com/2022/03/02/tonga_submarine_cable_reconnection_revealed/,
Tonga Domestic Cable Extension (TDCE),Tonga Cable (Tonga-Fiji) + Tonga Domestic Extension,1/15/2022,Fiber optic data cable,"South Pacific Ocean, near Hunga Tonga-Hunga Ha'apai volcano",Volcanic eruption (Hunga Tonga-Hunga Ha'apai) triggering turbidity currents; cable shattered in 4-5 places,N/A - natural disaster,None,Total internet blackout for Tonga for ~5 weeks; satellite backup insufficient; delayed international disaster aid; domestic extension took 18 months to repair,,~5 weeks (international); 18 months (domestic),-20.54,-175.38,International cable resolved 22 Feb 2022; domestic cable resolved July 2023,SubTel Forum; SubmarineNetworks.com; Digicel press release; The Register (2 Mar 2022); DCD (22 Feb 2022),https://subtelforum.com/tonga-cable-successfully-repaired/,https://www.theregister.com/2022/03/02/tonga_submarine_cable_reconnection_revealed/,
Bornholm Cable,Bornholm Cable,2/28/2022,Power cable,55°17?50?N 14°26?07?E,Anchor drag,Tanker Samus Swan,None (accidental),,,,55.297,14.435,Resolved,Wikipedia / TV 2 Bornholm,https://en.wikipedia.org/wiki/Baltic_Sea_underwater_infrastructure_incidents,https://www.tv2bornholm.dk/artikel/overrevne-soekabler-historien-der-gentager-sig,
Nord Stream 1 & 2,Nord Stream 1 & 2,9/26/2022,Gas pipeline,"Baltic Sea, Bornholm Island area",Underwater explosion (sabotage),"Unknown (sabotage confirmed; Danish, Swedish, German investigations)",Russia (suspected); Ukraine (also investigated); US (speculated),Major gas supply disruption; ~80 billion cubic metres annual capacity destroyed,,,55.53,15.56,Investigations ongoing (Germany continuing; Denmark closed 2024),Wikipedia / multiple news sources; Bulletin of the Atomic Scientists,https://en.wikipedia.org/wiki/Nord_Stream_pipeline_sabotage,https://thebulletin.org/2026/02/seabed-zero-baltic-sabotage-and-the-global-risks-to-undersea-infrastructure/,
Marseille Internet Cables (multiple),Marseille Internet Cables (multiple),10/19/2022,Fiber optic data cables (multiple),"Mediterranean Sea, south of Marseille, France",Deliberate cutting (sabotage suspected),Unknown,Russia suspected (similar tactics to previous invasions),Significant outage affecting multiple international routes through Marseille hub; several hours disruption,,Several hours,43.3,5.37,"Investigation status unclear, Russia faced brunt of public suspicion",UNAV / Global Affairs; multiple press reports,https://www.unav.edu/web/global-affairs/undersea-cables-vulnerability-a-hidden-network-of-vital-connectivity,,
Taiwan Penghu Kinmen Matsu No.2 (TPKM2),Taima No. 2 (Taiwan-Matsu No. 2),2/2/2023,Fiber optic communications cable,"Taiwan Strait, near Matsu Islands (Dongyin Island to Tamsui)",Anchor drag (Chinese fishing vessel),Chinese fishing vessel (unnamed),China (suspected),Internet and communications disruption to Matsu Islands; ~50-day combined outage with TM-3 cut,,~50 days (combined with TM-3),26.37,120.49,Resolved,New Bloom Magazine (17 Feb 2023); The Diplomat (Apr 2023); Data Centre Dynamics,https://newbloommag.net/2023/02/17/matsu-submarine-cable-cut/,https://thediplomat.com/2023/04/after-chinese-vessels-cut-matsu-internet-cables-taiwan-shows-its-communications-resilience/,https://www.datacenterdynamics.com/en/news/fishing-cargo-boats-blamed-for-two-taiwan-submarine-cable-cuts/
Taiwan Penghu Kinmen Matsu No.3 (TPKM3),Taima No. 3 (Taiwan-Matsu No. 3),2/8/2023,Fiber optic communications cable,"Taiwan Strait, near Matsu Islands (Nangan Island to Taoyuan)",Anchor drag (Chinese cargo vessel),Chinese cargo vessel (unnamed),China (suspected),Internet and communications disruption to Matsu Islands; repaired March 31 2023,,~42 days,26.16,120,Resolved (repaired 31 March 2023),New Bloom Magazine (17 Feb 2023); The Diplomat (Apr 2023); Data Centre Dynamics,https://newbloommag.net/2023/02/17/matsu-submarine-cable-cut/,https://thediplomat.com/2023/04/after-chinese-vessels-cut-matsu-internet-cables-taiwan-shows-its-communications-resilience/,https://www.datacenterdynamics.com/en/news/fishing-cargo-boats-blamed-for-two-taiwan-submarine-cable-cuts/
Sweden-Estonia (EE-S 1),EE-S1,10/7/2023,Fiber optic communications cable,"Baltic Sea, Gulf of Finland / Swedish EEZ",Anchor drag,"MV Newnew Polar Bear (Chinese-owned, Hong Kong-flagged)",China (admitted fault); Russia (suspected coordination),Partial communications disruption; functionality not fully lost,,Days,59.8,23.5,Concluded - external force confirmed; captain arrested in Hong Kong,SubmarineNetworks.com; gCaptain; Baird Maritime; JSIS Washington,https://www.submarinenetworks.com/en/nv/news/captain-of-newnew-polar-bear-arrested-in-hong-kong-over-damaging-pipeline-cables-in-baltic-sea,https://gcaptain.com/timeline-of-suspected-underwater-sabotage-in-baltic-sea/,https://jsis.washington.edu/news/baltic-sea-undersea-cable-security/
Baltic Sea Submarine Cable,Balticconnector,10/8/2023,Gas pipeline,"Gulf of Finland, Baltic Sea",Anchor drag,"MV Newnew Polar Bear (Chinese-owned, Hong Kong-flagged)",China (admitted fault); Russia (suspected coordination),Gas pipeline outage; ~7-month repair,,~7 months,59.63,24.2,Resolved - Chinese govt admitted fault,Wikipedia; YLE; JSIS Washington,https://en.wikipedia.org/wiki/Baltic_Sea_underwater_infrastructure_incidents,https://yle.fi/a/74-20203756,https://jsis.washington.edu/news/baltic-sea-undersea-cable-security/
Asia Africa Europe-1 (AAE-1),AAE-1 (Asia Africa Europe 1),2/24/2024,Fiber optic data cable,"Red Sea, off Yemen near Bab al-Mandab Strait",Anchor drag from UK vessel MV Rubymar after it was struck and sunk by a Houthi missile,MV Rubymar (anchor drag after Houthi missile strike),Yemen (Houthis); Iran (financial/military backing),"~25% of Europe-Asia internet traffic disrupted; service degraded across East Africa, India, Pakistan, UAE; repair delayed 5+ months due to conflict zone access",~$3.5 billion (combined Houthi cable disruption estimate),Months,12.7,43.4,Resolved July 2024,Kentik blog (Mar 2024); SubTel Forum; DCD; Bloomberg (17 Jul 2024); Globes,https://www.kentik.com/blog/what-caused-the-red-sea-submarine-cable-cuts/,https://subtelforum.com/houthis-hit-underwater-communications-cables/,https://www.datacenterdynamics.com/en/news/at-least-one-subsea-fiber-cable-damaged-in-the-red-sea-some-reports-blame-houthi-rebels/
Europe India Gateway (EIG),Europe India Gateway (EIG),2/24/2024,Fiber optic data cable,"Red Sea, off Yemen near Bab al-Mandab Strait",Anchor drag from UK vessel MV Rubymar after it was struck and sunk by a Houthi missile,MV Rubymar (anchor drag after Houthi missile strike),Yemen (Houthis); Iran (financial/military backing),Months offline (already damaged from December 2023 cut); part of ~25% Europe-Asia traffic disruption,,Months,12.7,43.4,Resolved 2024,Kentik blog (Mar 2024); SubTel Forum; ComplexDiscovery,https://www.kentik.com/blog/what-caused-the-red-sea-submarine-cable-cuts/,https://subtelforum.com/houthis-hit-underwater-communications-cables/,https://complexdiscovery.com/red-sea-cable-cuts-disrupt-connectivity-and-expose-global-infrastructure-risks/
SEACOM/Tata TGN-Eurasia,SEACOM / TGN-EA,2/24/2024,Fiber optic data cable,"Red Sea, off Yemen near Bab al-Mandab Strait",Anchor drag from UK vessel MV Rubymar after it was struck and sunk by a Houthi missile,MV Rubymar (anchor drag after Houthi missile strike),Yemen (Houthis); Iran (financial/military backing),Repairs complicated by conflict zone access; part of broader Red Sea disruption,,Months,12.7,43.4,Resolved 2024,Kentik blog (Mar 2024); SubTel Forum; ComplexDiscovery,https://www.kentik.com/blog/what-caused-the-red-sea-submarine-cable-cuts/,https://subtelforum.com/houthis-hit-underwater-communications-cables/,https://complexdiscovery.com/red-sea-cable-cuts-disrupt-connectivity-and-expose-global-infrastructure-risks/
West Africa Cable System (WACS),"WACS, MainOne, SAT-3, ACE",3/14/2024,Fiber optic data cables (multiple),"West Atlantic off Abidjan, Cote d'Ivoire ('Le Trou Sans Fond' canyon, 2.4-4.5km depth)",Underwater rockslide / landslide in 'Le Trou Sans Fond' canyon off Abidjan,N/A - natural disaster,None,Near-total internet outage in Cote d'Ivoire; 13 countries affected; Microsoft EMEA outages; Equiano cable absorbed rerouted traffic,,~1 month (progressive restoration Apr-May 2024),5.32,-4.05,Resolved progressively Apr-May 2024 (SAT-3 by 6 Apr; others by mid-Apr),Internet Society full report (Apr 2024); TeleGeography blog (15 Mar 2024); MTN/Bayobab press release; Recorded Future / Insikt Group,https://www.internetsociety.org/resources/doc/2024/2024-west-africa-submarine-cable-outage-report/,https://blog.telegeography.com/march-2024-west-africa-cable-faults,https://www.mtn.com/mtn-press-release/
MainOne,"WACS, MainOne, SAT-3, ACE",3/14/2024,Fiber optic data cables (multiple),"West Atlantic off Abidjan, Cote d'Ivoire ('Le Trou Sans Fond' canyon, 2.4-4.5km depth)",Underwater rockslide / landslide in 'Le Trou Sans Fond' canyon off Abidjan,N/A - natural disaster,None,Near-total internet outage in Cote d'Ivoire; 13 countries affected; Microsoft EMEA outages; Equiano cable absorbed rerouted traffic,,~1 month (progressive restoration Apr-May 2024),5.32,-4.05,Resolved progressively Apr-May 2024 (SAT-3 by 6 Apr; others by mid-Apr),Internet Society full report (Apr 2024); TeleGeography blog (15 Mar 2024); MTN/Bayobab press release; Recorded Future / Insikt Group,https://www.internetsociety.org/resources/doc/2024/2024-west-africa-submarine-cable-outage-report/,https://blog.telegeography.com/march-2024-west-africa-cable-faults,https://www.mtn.com/mtn-press-release/
SAT-3/WASC,"WACS, MainOne, SAT-3, ACE",3/14/2024,Fiber optic data cables (multiple),"West Atlantic off Abidjan, Cote d'Ivoire ('Le Trou Sans Fond' canyon, 2.4-4.5km depth)",Underwater rockslide / landslide in 'Le Trou Sans Fond' canyon off Abidjan,N/A - natural disaster,None,Near-total internet outage in Cote d'Ivoire; 13 countries affected; Microsoft EMEA outages; Equiano cable absorbed rerouted traffic,,~1 month (progressive restoration Apr-May 2024),5.32,-4.05,Resolved progressively Apr-May 2024 (SAT-3 by 6 Apr; others by mid-Apr),Internet Society full report (Apr 2024); TeleGeography blog (15 Mar 2024); MTN/Bayobab press release; Recorded Future / Insikt Group,https://www.internetsociety.org/resources/doc/2024/2024-west-africa-submarine-cable-outage-report/,https://blog.telegeography.com/march-2024-west-africa-cable-faults,https://www.mtn.com/mtn-press-release/
Africa Coast to Europe (ACE),"WACS, MainOne, SAT-3, ACE",3/14/2024,Fiber optic data cables (multiple),"West Atlantic off Abidjan, Cote d'Ivoire ('Le Trou Sans Fond' canyon, 2.4-4.5km depth)",Underwater rockslide / landslide in 'Le Trou Sans Fond' canyon off Abidjan,N/A - natural disaster,None,Near-total internet outage in Cote d'Ivoire; 13 countries affected; Microsoft EMEA outages; Equiano cable absorbed rerouted traffic,,~1 month (progressive restoration Apr-May 2024),5.32,-4.05,Resolved progressively Apr-May 2024 (SAT-3 by 6 Apr; others by mid-Apr),Internet Society full report (Apr 2024); TeleGeography blog (15 Mar 2024); MTN/Bayobab press release; Recorded Future / Insikt Group,https://www.internetsociety.org/resources/doc/2024/2024-west-africa-submarine-cable-outage-report/,https://blog.telegeography.com/march-2024-west-africa-cable-faults,https://www.mtn.com/mtn-press-release/
BCS East-West Interlink,BCS East-West Interlink,11/17/2024,Data cable,"Baltic Sea, between ventoji, Lithuania and Gotland, Sweden",Anchor drag (suspected),"MV Yi Peng 3 (Chinese bulk carrier, departed Russian port Ust-Luga)",China (suspected); Russia (suspected coordination),Data transmission disruption; ~11-day outage,,~11 days,57.05,19.6,Investigation ongoing,Wikipedia; SIPRI; Atlantic Council; SubmarineNetworks,https://en.wikipedia.org/wiki/2024_Baltic_Sea_submarine_cable_disruptions,https://www.sipri.org/commentary/topical-backgrounder/2025/legislative-route-combat-sabotage-undersea-cables,https://www.atlanticcouncil.org/in-depth-research-reports/issue-brief/how-the-baltic-sea-nations-have-tackled-suspicious-cable-cuts/
C-Lion1,C-Lion1,11/18/2024,Fiber optic data cable,"Baltic Sea, between Gotland and Öland, Sweden (Germany-Finland route)",Anchor drag (suspected),"MV Yi Peng 3 (Chinese bulk carrier, departed Russian port Ust-Luga)",China (suspected); Russia (suspected coordination),Data transmission disruption; ~10-day outage,,~10 days,56.8,18,Investigation ongoing; Finnish charges filed,Wikipedia; SIPRI; SubmarineNetworks (Finland charges),https://en.wikipedia.org/wiki/2024_Baltic_Sea_submarine_cable_disruptions,https://www.sipri.org/commentary/topical-backgrounder/2025/legislative-route-combat-sabotage-undersea-cables,https://www.submarinenetworks.com/en/nv/insights/finland-charges-russian-linked-ship-officers-over-baltic-sea-cable-sabotage
Estlink 2,Estlink 2,12/25/2024,Power cable,"Gulf of Finland, Baltic Sea (Finland-Estonia route)",Anchor drag / severed,MV Eagle S (Cook Islands-flagged oil tanker; Russia shadow fleet),Russia (suspected; denied),Power transmission disruption; ~7-month repair,"$66,000,000 ",~7 months,59.8,24.6,Resolved August 2025; Finland charged four officers,Wikipedia; Euronews (11 Aug 2025); NPR; Tom's Hardware,https://en.wikipedia.org/wiki/2024_Estlink_2_incident,https://www.euronews.com/2025/08/11/finland-charges-officers-of-russia-linked-eagle-s-ship-that-damaged-undersea-cables,https://www.npr.org/2024/12/27/g-s1-40114/finland-russia-vessel-undersea-cables
Finland Estonia Connection 1 (FEC-1),Elisa Gulf of Finland cables (GOF-1 / GOF-2),12/25/2024,Data cables (multiple),"Gulf of Finland, Baltic Sea (Finland-Estonia)",Anchor drag / severed,MV Eagle S (Cook Islands-flagged oil tanker; Russia shadow fleet),Russia (suspected; denied),Data transmission disruption; ~12-day outage,,~12 days,59.8,24.6,Resolved January 6 2025,Wikipedia; NPR; Baird Maritime,https://en.wikipedia.org/wiki/2024_Estlink_2_incident,https://www.npr.org/2024/12/31/nx-s1-5243302/finland-russia-severed-undersea-cable-shadow-fleet,https://www.bairdmaritime.com/marine-projects/marine-infrastructure/factbox-suspected-underwater-cable-sabotage-in-the-baltic-sea
Trans-Pacific Express (TPE) Cable System,Trans-Pacific Express (TPE),1/3/2025,Fiber optic data cable,"Taiwan Strait, north of Keelung, Taiwan",Anchor drag (suspected),"MV Xingshun 39 / Shunxing 39 (Tanzania-flagged, Chinese-owned, Hong Kong company)",China (suspected),Days of disruption; backup connectivity maintained,,Days,25.3,121.8,Resolved; ship investigated,Global Taiwan Institute; Just Security; The New Global Order,https://globaltaiwan.org/2025/03/countering-chinas-subsea-cable-sabotage/,https://www.justsecurity.org/113221/chinas-shadow-fleet-war-on-taiwans-undersea-cables/,https://thenewglobalorder.com/world-news/taiwan-strait-growing-undersea-cable-threat/
Sweden-Latvia,LVRTC Latvia-Gotland cable (TV & radio fiber),1/26/2025,Fiber optic TV & radio cable,"Baltic Sea, between Ventspils, Latvia and Fårosund, Gotland, Sweden",Anchor drag / severed,MV Vezhen (Maltese-flagged bulk vessel; Bulgarian shipping company Navigation Maritime Bulgare),None confirmed (ruled accidental by Swedish prosecutor),TV and radio signal disruption to Latvia,,Weeks,57.4,20.5,"Closed - deemed accidental, not sabotage",CNN (26 Jan 2025); Baird Maritime; Wikipedia,https://www.cnn.com/2025/01/26/europe/latvia-baltic-undersea-cable-intl-latam/index.html,https://en.wikipedia.org/wiki/Baltic_Sea_underwater_infrastructure_incidents,https://www.bairdmaritime.com/marine-projects/marine-infrastructure/factbox-suspected-underwater-cable-sabotage-in-the-baltic-sea
C-Lion1,C-Lion1,2/21/2025,Fiber optic data cable,"Baltic Sea, east of Gotland, Sweden (Germany-Finland route)",Unknown physical mechanism (data disturbance / suspected severing),Unknown vessel (investigation ongoing),"Russia (suspected), by supposed ""shadow fleet""",Weeks of disruption,,Weeks,57.5,20.8,Investigation ongoing,Wikipedia; SubmarineNetworks (Finland charges),https://en.wikipedia.org/wiki/2024_Baltic_Sea_submarine_cable_disruptions,https://www.submarinenetworks.com/en/nv/insights/finland-charges-russian-linked-ship-officers-over-baltic-sea-cable-sabotage,
Taiwan Penghu Kinmen Matsu No.3 (TPKM3),Taiwan-Penghu No. 3 (TPKM-3 / TP3),2/25/2025,Fiber optic communications cable,"Taiwan Strait, ~6 nautical miles NW of Jiangjun Fishing Harbour, Tainan",Deliberate anchor drag,"MV Hongtai 58 (Togo-flagged, Chinese crew; captain convicted June 2025)",China (suspected; denied),Signal disruption; backup connectivity maintained,,Days,23.22,119.61,Resolved - captain convicted June 2025,Global Taiwan Institute; Al Jazeera; Lloyd's List; SubTel Forum,https://globaltaiwan.org/2025/03/countering-chinas-subsea-cable-sabotage/,https://www.lloydslist.com/LL1152686/Taiwan-coastguard-detains-cargoship-after-another-undersea-cable-break,https://subtelforum.com/chinese-captain-sentenced-for-taiwan-cable-damage/
SeaMeWe-4,SMW-4 (SEA-ME-WE 4),9/6/2025,Fiber optic data cable,"Red Sea, near Jeddah, Saudi Arabia",Unknown (under investigation; Houthi conflict zone),Unknown; conflict zone (Houthi activity area),"Yemen (Houthis, suspected); Iran (backing)","Degraded internet in India, Pakistan, UAE; Microsoft Azure confirmed elevated latency; traffic rerouted within ~24 hours",,Weeks to months,20.5,37.8,Physical repairs ongoing as of Sep 2025,ComplexDiscovery (Sep 2025); Microsoft Azure public advisory; Recorded Future / Insikt Group,https://complexdiscovery.com/red-sea-cable-cuts-disrupt-connectivity-and-expose-global-infrastructure-risks/,https://www.recordedfuture.com/research/submarine-cables-face-increasing-threats,
IMEWE,IMEWE (India Middle East Western Europe),9/6/2025,Fiber optic data cable,"Red Sea, near Jeddah, Saudi Arabia",Unknown (under investigation; Houthi conflict zone),Unknown; conflict zone (Houthi activity area),"Yemen (Houthis, suspected); Iran (backing)","Part of broader Red Sea connectivity disruption; degraded latency across India, UAE, Europe",,Weeks to months,20.5,37.8,Physical repairs ongoing as of Sep 2025,ComplexDiscovery (Sep 2025); Recorded Future / Insikt Group,https://complexdiscovery.com/red-sea-cable-cuts-disrupt-connectivity-and-expose-global-infrastructure-risks/,https://www.recordedfuture.com/research/submarine-cables-face-increasing-threats,
Finland Estonia Connection 1 (FEC-1),Arelion Estonia-Finland cable (Elisa data cable),12/31/2025,Data cable,"Gulf of Finland, Baltic Sea",Anchor drag (~tens of km),MV Fitburg (St. Vincent & Grenadines-flagged cargo ship; en route from St. Petersburg to Haifa),Russia (suspected),Data disruption,,,59.6,24.8,Investigation ongoing,Al Jazeera (31 Dec 2025); The Register (2 Jan 2026); Baird Maritime,https://www.aljazeera.com/news/2025/12/31/police-investigating-damage-to-undersea-telecom-cable-in-gulf-of-finland,https://www.theregister.com/2026/01/02/finnish_cops_interviewing_fitburg_crew,https://www.bairdmaritime.com/marine-projects/marine-infrastructure/factbox-suspected-underwater-cable-sabotage-in-the-baltic-sea
BCS East,BCS East (Latvia-Lithuania),1/2/2026,Data cable,"Baltic Sea, near Liep?ja, Latvia",Anchor drag (suspected),Unknown vessel (boarded by Latvian police; no evidence linking ship initially found),"Russia (suspected), with Russian, Georgian, Kazakh, and Azerbaijani sailors being suspected",1-2 weeks disruption; repairs underway,,1-2 weeks,56.6,20.9,Resolved,Data Centre Dynamics; The Register (2 Jan 2026),https://www.datacenterdynamics.com/en/news/bcs-east-subsea-cable-connecting-latvia-and-lithuania-damaged/,https://www.theregister.com/2026/01/02/finnish_cops_interviewing_fitburg_crew,
INDIGO-West,Indigo West,1/22/2026,Telecommunications cable,Indian Ocean (Singapore-Australia route),Unknown (natural causes or accidental human contact suspected),Unknown,Unknown,Internet disruption on Singapore-Australia route,,,-30,110,Ongoing repairs,SubTel Forum / Data Centre Dynamics,https://www.datacenterdynamics.com/en/news/indigo-west-subsea-cable-undergoing-repairs/,,
Taiwan Penghu Kinmen Matsu No.2 (TPKM2),Taima-2 (Taiwan-Matsu No. 2),3/7/2026,Fiber optic communications cable,"Taiwan Strait, Matsu Islands (Dongyin Island to Tamsui)",Core wire damage (cause unspecified),Unknown,Unknown,Communications disruptions to Dongyin / Matsu,,,26.37,120.49,Resolved,SubTel Forum,https://subtelforum.com/taiwan-matsu-no-2-repair-restores-dongyin-traffic/,,
Taiwan Penghu Kinmen Matsu No.3 (TPKM3),TPKM3 (Taiwan-Penghu No. 3),3/31/2026,Fiber optic communications cable,"Taiwan Strait, near Penghu, Taiwan",Deliberate anchor drag,MV Hongtai 58 captain (Chinese national; convicted),China (suspected),Signal disruption,,,23.22,119.61,Resolved - perpetrator sentenced,SubTel Forum,https://subtelforum.com/chinese-captain-sentenced-for-taiwan-cable-damage/,,
SeaMeWe-5,SMW-5 (SEA-ME-WE 5),4/9/2026,Fiber optic communications cable,Indian Ocean / Red Sea / Mediterranean,Scheduled maintenance,N/A - planned maintenance,None,~80-hour internet disruption in Bangladesh,,~80 hours,23,90,Resolved,SubTel Forum,https://subtelforum.com/bangladesh-smw-5-repairs-trigger-80-hour-disruption/,,
Taiwan Penghu Kinmen Matsu No.3 (TPKM3),TM3 (Taiwan-Matsu No. 3),4/29/2026,Telecommunications cable,"Taiwan Strait, Dongyin Township",Severed (poor sea conditions suspected),Unknown (poor sea conditions suspected),Unknown,Complete outage to Dongyin; backup microwave transmission activated,,,26.37,120.49,"Ongoing - backup transmission active, repair underway",SubTel Forum / MODA (Taiwan),,https://moda.gov.tw,
West Africa Cable System (WACS),"WACS, SAT-3/WASC, ACE + Angolan domestic festoon",8/6/2023,Fiber optic data cables (multiple),"Congo Canyon, off DRC/Cameroon border, West Atlantic (~2,000m depth)",Gravity-driven slope displacement / rockfall in Congo Canyon (natural disaster),N/A - natural disaster,None,"Internet slowdowns across South Africa, Namibia, West/Central Africa; Telecom Namibia lost two main transit providers; Cloudflare confirmed severe degradation; weeks to repair", ,~5-6 weeks,-5.8,10.1,Resolved (~September 2023),SubTel Forum (Aug 7 2023); SubTel Forum ACE confirmed (Sep 11 2023); Kentik/APNIC Blog (Sep 20 2023); DCD; Vodacom official statement,https://subtelforum.com/south-africa-undersea-cables-break/,https://subtelforum.com/africa-cable-breaks-worse-than-reported/,https://blog.apnic.net/2023/09/20/dual-subsea-cable-cuts-disrupt-african-internet/
SAT-3/WASC,"WACS, SAT-3/WASC, ACE + Angolan domestic festoon",8/6/2023,Fiber optic data cables (multiple),"Congo Canyon, off DRC/Cameroon border, West Atlantic (~2,000m depth)",Gravity-driven slope displacement / rockfall in Congo Canyon (natural disaster),N/A - natural disaster,None,"Internet slowdowns across South Africa, Namibia, West/Central Africa; Telecom Namibia lost two main transit providers; Cloudflare confirmed severe degradation; weeks to repair", ,~5-6 weeks,-5.8,10.1,Resolved (~September 2023),SubTel Forum (Aug 7 2023); SubTel Forum ACE confirmed (Sep 11 2023); Kentik/APNIC Blog (Sep 20 2023); DCD; Vodacom official statement,https://subtelforum.com/south-africa-undersea-cables-break/,https://subtelforum.com/africa-cable-breaks-worse-than-reported/,https://blog.apnic.net/2023/09/20/dual-subsea-cable-cuts-disrupt-african-internet/
Africa Coast to Europe (ACE),"WACS, SAT-3/WASC, ACE + Angolan domestic festoon",8/6/2023,Fiber optic data cables (multiple),"Congo Canyon, off DRC/Cameroon border, West Atlantic (~2,000m depth)",Gravity-driven slope displacement / rockfall in Congo Canyon (natural disaster),N/A - natural disaster,None,"Internet slowdowns across South Africa, Namibia, West/Central Africa; Telecom Namibia lost two main transit providers; Cloudflare confirmed severe degradation; weeks to repair", ,~5-6 weeks,-5.8,10.1,Resolved (~September 2023),SubTel Forum (Aug 7 2023); SubTel Forum ACE confirmed (Sep 11 2023); Kentik/APNIC Blog (Sep 20 2023); DCD; Vodacom official statement,https://subtelforum.com/south-africa-undersea-cables-break/,https://subtelforum.com/africa-cable-breaks-worse-than-reported/,https://blog.apnic.net/2023/09/20/dual-subsea-cable-cuts-disrupt-african-internet/
Eastern Africa Submarine System (EASSy),"EASSy (Eastern Africa Submarine System), SEACOM",5/12/2024,Fiber optic data cables (multiple),"Off Mtunzini, KwaZulu-Natal coast, South Africa (~45km north of Durban)",Suspected anchor drag ('consistent with heavy object dragged over it' per WIOCC),Unknown vessel (no confirmed identification),None confirmed,"All sub-sea capacity between East Africa and South Africa down; Kenya, Tanzania, Rwanda, Uganda, Malawi, Mozambique, Madagascar affected; Tanzania traffic fell to 30% per Cloudflare; Safaricom and Airtel both confirmed outage", ,~3 weeks,-28.8,32.5,"Resolved June 3, 2024",Internet Society official report (Jul 2024); Cloudflare Radar blog (May 13 2024); DCD (May 13 2024); SubTel Forum; SEACOM press statement; TechCentral,https://www.internetsociety.org/resources/doc/2024/2024-east-africa-submarine-cable-outage-report/,https://blog.cloudflare.com/east-african-internet-connectivity-again-impacted-by-submarine-cable-cuts/,https://www.datacenterdynamics.com/en/news/several-countries-suffer-internet-outages-after-subsea-cable-cut-in-east-africa/
SEACOM/Tata TGN-Eurasia,"EASSy (Eastern Africa Submarine System), SEACOM",5/12/2024,Fiber optic data cables (multiple),"Off Mtunzini, KwaZulu-Natal coast, South Africa (~45km north of Durban)",Suspected anchor drag ('consistent with heavy object dragged over it' per WIOCC),Unknown vessel (no confirmed identification),None confirmed,"All sub-sea capacity between East Africa and South Africa down; Kenya, Tanzania, Rwanda, Uganda, Malawi, Mozambique, Madagascar affected; Tanzania traffic fell to 30% per Cloudflare; Safaricom and Airtel both confirmed outage", ,~3 weeks,-28.8,32.5,"Resolved June 3, 2024",Internet Society official report (Jul 2024); Cloudflare Radar blog (May 13 2024); DCD (May 13 2024); SubTel Forum; SEACOM press statement; TechCentral,https://www.internetsociety.org/resources/doc/2024/2024-east-africa-submarine-cable-outage-report/,https://blog.cloudflare.com/east-african-internet-connectivity-again-impacted-by-submarine-cable-cuts/,https://www.datacenterdynamics.com/en/news/several-countries-suffer-internet-outages-after-subsea-cable-cut-in-east-africa/
Europe India Gateway (EIG),Europe India Gateway (EIG),12/1/2023,Fiber optic data cable,Red Sea (exact location unconfirmed; already offline before Feb 2024 Rubymar incident),Unknown; conflict zone (Houthi maritime activity area),Unknown vessel; conflict zone,"Yemen (Houthis, suspected); Iran (backing)",EIG already offline when Feb 24 2024 Rubymar anchor drag occurred; prolonged outage compounded by subsequent cuts, ,Months,13,43.5,Resolved as part of 2024 Red Sea repair cycle,Kentik blog (Mar 2024) -- explicitly confirms EIG was already down from a December cut; SubmarineNetworks,https://www.kentik.com/blog/what-caused-the-red-sea-submarine-cable-cuts/,"https://www.submarinenetworks.com/en/systems/asia-europe-africa/peace/peace-cable-cut-in-the-red-sea,-repair-to-be-prolonged", 
Asia Africa Europe-1 (AAE-1),AAE-1 (Asia Africa Europe 1),12/29/2024,Fiber optic data cable,"Red Sea, ~180km from Zafarana, Egypt",Unknown; conflict zone (Houthi maritime activity area); likely drifting or abandoned vessel,Unknown vessel; conflict zone,"Yemen (Houthis, suspected); Iran (backing)","Degraded traffic between Asia and Europe via Marseille; compounded by simultaneous PEACE cable cut March 2025; Pakistan particularly affected (heavy AAE-1 reliance); repaired April 7, 2025", ,~3.5 months,28.6,32.5,"Resolved April 7, 2025",Wikipedia AAE-1 article (cites operator + Somali NCA); SubTel Forum (Mar 2025); SubmarineNetworks; LightReading 2024 review,https://en.wikipedia.org/wiki/AAE-1,https://subtelforum.com/peace-submarine-cable-cut-disrupts-east-africa/,"https://www.submarinenetworks.com/en/systems/asia-europe-africa/peace/peace-cable-cut-in-the-red-sea,-repair-to-be-prolonged"
PEACE Cable,PEACE Cable (Pakistan and East Africa Connecting Europe),3/4/2025,Fiber optic data cable,"Red Sea, ~1,450km from Zafarana, Egypt (Sudan EEZ)",Unknown; conflict zone (Houthi maritime activity; likely drifting vessel),Unknown vessel; conflict zone,"Yemen (Houthis, suspected); Iran (backing)",Internet disruptions across Somalia and East Africa; degraded Europe-Asia traffic; simultaneous with AAE-1 outage creating compounded impact; repaired in ~3 weeks, ,~22 days,18,38.5,"Resolved March 26, 2025",SubTel Forum (Mar 13 2025); SubmarineNetworks (confirms exact timestamp 17:46 GMT and repair date); DCD; Wikipedia PEACE Cable article,https://subtelforum.com/peace-submarine-cable-cut-disrupts-east-africa/,"https://www.submarinenetworks.com/en/systems/asia-europe-africa/peace/peace-cable-cut-in-the-red-sea,-repair-to-be-prolonged",https://www.datacenterdynamics.com/en/news/peace-subsea-cable-cut-in-the-red-sea-repair-to-take-months/
"Unspecified Taiwan domestic cable (near Shimen District, New Taipei)","Unspecified Taiwan domestic cable (near Shimen District, New Taipei)",1/23/2025,Fiber optic communications cable,"Off Shimen District, New Taipei City, northern Taiwan",Suspected deliberate anchor drag (vessel driven off by Coast Guard before cable was cut),"MV Baoshun (Mongolia-flagged, Chinese name, Chinese crew suspected)",China (suspected),No cable damage -- Taiwan Coast Guard intercepted and drove off the vessel before damage occurred; vessel found carrying no cargo and no cable-cutting equipment on board inspection, ,N/A - thwarted,25.3,121.5,Resolved - vessel boarded and expelled; no charges filed (no cable damage confirmed),The Diplomat (Jan 17 2025); Just Security; Taiwan News (Mar 1 2025); Indo-Pacific Defense Forum,https://thediplomat.com/2025/01/another-severed-submarine-cable-raises-alarm-in-taiwan/,https://www.justsecurity.org/113221/chinas-shadow-fleet-war-on-taiwans-undersea-cables/,https://www.taiwannews.com.tw/news/6049266
West Africa Cable System (WACS),WACS (West Africa Cable System),6/1/2025,Fiber optic data cable,"Off coast of Namibia, West Africa (branching unit fault)","Faulty branching unit (equipment failure, not external damage or sabotage)",N/A - equipment failure,None,WACS offline for ~2 weeks; South Africa internet speeds affected; Openserve confirmed limited impact via strategic rerouting, ,~16 days,-22,12,"Resolved ~June 16, 2025",SubTel Forum (Jun 4 2025); Openserve official statement via Robert Kraai (co-chair WACS O&M committee),https://subtelforum.com/wacs-cable-fault-slows-south-africa-internet/, , 
APOCS 1,Bell Canada subsea cable (Cape Breton to Newfoundland),1/4/2024,Fiber optic telecommunications cable,"Gulf of St. Lawrence / Cabot Strait, ~30m depth, off Cape Breton Island, Nova Scotia",Deliberate cutting -- clean angle-grinder cut confirmed by Bell; suspected anchor snag then deliberate severance to free vessel,"Unknown vessel / unknown individual (RCMP investigation, no charges)",Unknown (RCMP did not classify as national security threat),Primary network path to Newfoundland & Labrador disrupted; Bell deployed IT Intrepid repair vessel from Halifax, ,~1-2 weeks,46.5,-60.5,Resolved; RCMP investigation closed (insufficient evidence),CBC News (Feb 20 2025); Globe and Mail (Feb 19 2025); CTV News (Feb 19 2025); Canadian Press,https://www.cbc.ca/news/canada/nova-scotia/bell-subsea-fibre-optic-cable-newfoundland-1.7461963,https://www.theglobeandmail.com/business/article-bell-says-subsea-cable-from-cape-breton-to-newfoundland-was/,https://www.ctvnews.ca/canada/newfoundland-and-labrador/article/bell-says-subsea-cable-from-cape-breton-to-newfoundland-was-deliberately-cut-twice/
APOCS 1,Bell Canada subsea cable (Cape Breton to Newfoundland),12/24/2024,Fiber optic telecommunications cable,"Gulf of St. Lawrence / Cabot Strait, ~30m depth, off Cape Breton Island, Nova Scotia",Deliberate cutting -- second confirmed human severance; 'clean cut as if made by specialized tool' confirmed by Bell director of networks David Joice,Unknown vessel / unknown individual (RCMP investigation ongoing),Unknown (RCMP did not classify as national security threat; Russia suspected by some analysts given timing with Dec 25 Estlink 2 incident),Primary network path to Newfoundland & Labrador disrupted for second time in a year; ~60-person repair crew deployed on IT Intrepid, ,~1-2 weeks,46.5,-60.5,Resolved; RCMP investigation ongoing,CBC News (Feb 20 2025); Globe and Mail (Feb 19 2025); CTV News; Canadian Press; Kleinman Energy Center (May 2025) -- cites Canadian Press as source,https://www.cbc.ca/news/canada/nova-scotia/bell-subsea-fibre-optic-cable-newfoundland-1.7461963,https://www.theglobeandmail.com/business/article-bell-says-subsea-cable-from-cape-breton-to-newfoundland-was/,https://kleinmanenergy.upenn.edu/research/publications/subsea-sabotage-protecting-energy-infrastructure-from-hostile-aggression/
"Military exercise cable, Andøya Island (Norway)","Military exercise cable, Andøya Island (Norway)",9/1/2024,Military/communications cable,"Andøya Island, northern Norway (Arctic)",Deliberate cutting -- cable found 'cut and destroyed' near NATO exercise jammer installation,Unknown (deliberate sabotage strongly suspected),Russia (suspected; proximity to Russian Arctic operations),Disruption to NATO exercise communications jammer at Andøya, , ,69.3,16.1,Investigation status unclear,The Barents Observer (Sep 2024); Kleinman Energy Center report (May 2025) citing Barents Observer Stallesen 2024,https://kleinmanenergy.upenn.edu/research/publications/subsea-sabotage-protecting-energy-infrastructure-from-hostile-aggression/,https://thebarentsobserver.com, 
LoVe Ocean Observatory cable (Norwegian Institute of Marine Research),LoVe Ocean Observatory cable (Norwegian Institute of Marine Research),4/3/2021,Fiber optic scientific monitoring cable,"Norwegian Sea, Vesterålen area, off northern Norway",Deliberate cutting confirmed by forensic analysis -- 'cut by a power tool'; cable found 11km out of position; 3km chunk severed,Russian fishing trawlers (NRK investigative journalism identified vessels crossing cable 20+ times); no charges pressed,Russia (suspected; NRK investigation linked to Russian fishing fleet; cable used for Norwegian military/intelligence hydrophone monitoring),Loss of scientific and intelligence monitoring capability; LoVe screens went blank; took until Nov 2021 to locate severed section,"$6,100,000 (repair cost)",~3 years to full repair (operational 2024),68.5,14.5,Resolved 2024,"Bloomberg longform (Jul 2024) -- confirms forensic power tool finding, Russian trawler evidence; ICSF; Barents Observer; NRK investigative report (Norwegian)",https://www.bloomberg.com/features/2024-undersea-cable-sabotage-russia-norway/,https://icsf.net/newss/mysterious-atlantic-cable-cuts-linked-to-russian-fishing-vessels/,https://www.nupi.no/en/publications/cristin-pub/the-subsea-cable-cut-at-svalbard-january-2022-what-happened-what-were-the-consequences-and-how-were-they-managed
Asia-America Gateway (AAG) Cable System,AAG Vung Tau cable,3/10/2011,Fiber optic telecommunications cable,"Vung Tau, Vietnam",Unknown (Anchors or typhoon damage suspected),Unknown (Anchors or typhoon damage suspected),None,"Slowdowns in Southeast Asia, also led to rerouting for other cables like SEA-ME-WE 3 and TGN-IA", ,"1-2 weeks for complete repair, switched to 2.5G solutions in the meantime",10.348189,107.075335,Resolved,https://en.wikipedia.org/wiki/Asia-America_Gateway,https://www.submarinenetworks.com/en/systems/trans-pacific/aag/aag-cable-breaks-and-restoration,https://www.submarinenetworks.com/en/stations/asia/vietnam/vung-tau, 
Asia-America Gateway (AAG) Cable System,AAG Vung Tau cable,8/6/2011,Fiber optic telecommunications cable,"Vung Tau, Vietnam",Unknown (Anchors or typhoon damage suspected),Unknown (Anchors or typhoon damage suspected),None,"Slowdowns in Southeast Asia, also led to rerouting for other cables like SEA-ME-WE 3 and TGN-IA", ,"1-2 weeks for complete repair, switched to 2.5G solutions in the meantime",10.348189,107.075335,Resolved,https://en.wikipedia.org/wiki/Asia-America_Gateway,https://www.submarinenetworks.com/en/systems/trans-pacific/aag/aag-cable-breaks-and-restoration,https://www.submarinenetworks.com/en/stations/asia/vietnam/vung-tau, 
Asia-America Gateway (AAG) Cable System,AAG Vung Tau cable,8/31/2011,Fiber optic telecommunications cable,"Vung Tau, Vietnam",Unknown (Anchors or typhoon damage suspected),Unknown (Anchors or typhoon damage suspected),None,"Slowdowns in Southeast Asia, also led to rerouting for other cables like SEA-ME-WE 3 and TGN-IA", ,"1-2 weeks for complete repair, switched to 2.5G solutions in the meantime",10.348189,107.075335,Resolved,https://en.wikipedia.org/wiki/Asia-America_Gateway,https://www.submarinenetworks.com/en/systems/trans-pacific/aag/aag-cable-breaks-and-restoration,https://www.submarinenetworks.com/en/stations/asia/vietnam/vung-tau, 
Asia-America Gateway (AAG) Cable System,AAG (Asia-America Gateway),8/16/2019,Fiber optic data cable,"125km off Vung Tau, Ho Chi Minh City-Hong Kong branch",Cable disruption on HCM City-Hong Kong branch 125km off Vung Tau; repair delayed 8 days,Unknown,None,Vietnam international internet degraded; repair completed ~Sep 11 2019 (8 days behind schedule); second section also damaged concurrently, ,~26 days,10.35,107.08,"Resolved ~September 11, 2019","SubTel Forum / VNPT operator statement (Sep 3, 2019)",https://subtelforum.com/internet-slower-in-vietnam-cable-repairs-delayed/, , 
Asia-America Gateway (AAG) Cable System,AAG (Asia-America Gateway),1/8/2017,Fiber optic data cable,"Off Vung Tau, Vietnam (Vietnam-Hong Kong branch S1I)",Unknown fault on S1I branch off Vung Tau (1st of 5 outages in 2017),Unknown,None,Internet slowdowns across Vietnam; resolved Jan 26 2017 (~18 days), ,~18 days,10.35,107.08,"Resolved January 26, 2017",SubTel Forum (Oct 12 2017 -- confirms Jan as 1st of 4 2017 outages); BusinessCom Networks analysis; FPT Telecom operator statement,https://dev.subtelforum.com/aag-submarine-cable-encounters-trouble-again/,https://www.bcsatellite.net/blog/another-asia-america-gateway-undersea-cable-cut/, 
Asia-America Gateway (AAG) Cable System,AAG (Asia-America Gateway),2/18/2017,Fiber optic data cable,"Vietnam-Hong Kong branch, South China Sea",Unknown cause (2nd outage of 2017); repair took ~7 weeks,Unknown,None,Internet slowdowns across Vietnam; repair completed ~April 6 2017, ,~47 days,10.35,107.08,"Resolved ~April 6, 2017",SubTel Forum (Oct 12 2017); BusinessCom Networks analysis,https://dev.subtelforum.com/aag-submarine-cable-encounters-trouble-again/,https://www.bcsatellite.net/blog/another-asia-america-gateway-undersea-cable-cut/, 
Asia-America Gateway (AAG) Cable System,"AAG, TGN-IA, SEA-ME-WE 3, ASE",8/27/2017,Fiber optic data cables (multiple),90km from South Lantau (SLT) Hong Kong landing station; S1 and S2 branches,Typhoon Hato and Tropical Storm Pakhar caused dual cuts on S1 and S2; SMW3 also damaged,N/A - natural disaster (typhoon),None,AAG ruptured in 3 places within 90km of Hong Kong; Vietnam internet severely degraded; Australian ISPs affected; repaired Sep 30 2017, ,~34 days,22.2,113.85,"Resolved September 30, 2017",BusinessCom Networks (primary -- typhoon causation confirmed); SubTel Forum (Oct 12 2017); The Star Malaysia,https://www.bcsatellite.net/blog/another-asia-america-gateway-undersea-cable-cut/,https://dev.subtelforum.com/aag-submarine-cable-encounters-trouble-again/, 
Tata TGN-Intra Asia (TGN-IA),"AAG, TGN-IA, SEA-ME-WE 3, ASE",8/27/2017,Fiber optic data cables (multiple),90km from South Lantau (SLT) Hong Kong landing station; S1 and S2 branches,Typhoon Hato and Tropical Storm Pakhar caused dual cuts on S1 and S2; SMW3 also damaged,N/A - natural disaster (typhoon),None,AAG ruptured in 3 places within 90km of Hong Kong; Vietnam internet severely degraded; Australian ISPs affected; repaired Sep 30 2017, ,~34 days,22.2,113.85,"Resolved September 30, 2017",BusinessCom Networks (primary -- typhoon causation confirmed); SubTel Forum (Oct 12 2017); The Star Malaysia,https://www.bcsatellite.net/blog/another-asia-america-gateway-undersea-cable-cut/,https://dev.subtelforum.com/aag-submarine-cable-encounters-trouble-again/, 
SEA-ME-WE 3,"AAG, TGN-IA, SEA-ME-WE 3, ASE",8/27/2017,Fiber optic data cables (multiple),90km from South Lantau (SLT) Hong Kong landing station; S1 and S2 branches,Typhoon Hato and Tropical Storm Pakhar caused dual cuts on S1 and S2; SMW3 also damaged,N/A - natural disaster (typhoon),None,AAG ruptured in 3 places within 90km of Hong Kong; Vietnam internet severely degraded; Australian ISPs affected; repaired Sep 30 2017, ,~34 days,22.2,113.85,"Resolved September 30, 2017",BusinessCom Networks (primary -- typhoon causation confirmed); SubTel Forum (Oct 12 2017); The Star Malaysia,https://www.bcsatellite.net/blog/another-asia-america-gateway-undersea-cable-cut/,https://dev.subtelforum.com/aag-submarine-cable-encounters-trouble-again/, 
Asia-America Gateway (AAG) Cable System,AAG (Asia-America Gateway),10/12/2017,Fiber optic data cable,"Vietnam-Hong Kong branch, off Vung Tau (4th outage of 2017)",Signal loss on Hong Kong connection; cause unknown,Unknown,None,Vietnam internet degraded; ISPs activated backup plans; repaired ~late October 2017, ,~2-3 weeks,10.35,107.08,Resolved late October 2017,"SubTel Forum (Oct 12, 2017 -- confirmed 4th outage of 2017)",https://dev.subtelforum.com/aag-submarine-cable-encounters-trouble-again/, , 
Asia-America Gateway (AAG) Cable System,AAG (Asia-America Gateway),11/7/2017,Fiber optic data cable,"Off Vung Tau, Ho Chi Minh City branch (5th outage of 2017)",Cable rupture (5th failure of 2017); bad weather delayed repair twice; repair ship diverted to SMW3 first,Unknown,None,Longest 2017 AAG outage; all-time record outage length at that point; fully resolved late Dec 2017 / Jan 2018, ,~7+ weeks,10.35,107.08,Resolved ~late December 2017 / early January 2018,Vietnam News (confirmed Nov 7 Vung Tau location); BusinessCom Networks; SubTel Forum,https://www.bcsatellite.net/blog/another-asia-america-gateway-undersea-cable-cut/,https://dev.subtelforum.com/aag-submarine-cable-encounters-trouble-again/, 
Asia-America Gateway (AAG) Cable System,AAG (Asia-America Gateway),5/22/2018,Fiber optic data cable,Off southern Vietnam coast (2nd outage of 2018),Technical fault (cause unspecified); repaired 3 days ahead of schedule,Unknown,None,Vietnam internet degraded; repairs completed Jun 5 2018; VNPT confirmed restoration, ,~14 days,10.35,107.08,"Resolved June 5, 2018","SubTel Forum / VNPT official statement (Jun 5, 2018)",https://subtelforum.com/aag-repairs-vietnam-internet-normal/, , 
Asia-America Gateway (AAG) Cable System,AAG (Asia-America Gateway) -- S1I branch,10/29/2021,Fiber optic data cable,S1I branch connecting Vietnam to Hong Kong (detected late October 2021),Fault on S1I branch; repair repeatedly postponed; concurrent with APG fault,Unknown,None,Vietnam internet degraded for months; fully restored March 2022 after final AAG repair; Vietnam MIC confirmed, ,~5 months,10.35,107.08,Resolved March 2022,"SubTel Forum (Mar 16, 2022 -- restoration confirmed); SubTel Forum (Dec 21, 2021 -- AAG + APG concurrent faults)",https://subtelforum.com/vietnams-aag-repair-complete/,https://subtelforum.com/aag-still-not-fixed-and-apg-now-has-another-fault/,https://subtelforum.com/vietnam-internet-cable-cable-broken-third-time-in-a-year/
Asia Africa Europe-1 (AAE-1),"AAE-1 (S1H), APG (S6), AAG (S1I), IA, SMW3 -- Vietnam mass failure",11/1/2022,Fiber optic data cables (multiple),"Multiple locations: South China Sea, near Hong Kong, off Brunei (APG S6)",Multiple separate sequential faults across all 5 Vietnamese international cables over ~12 months,Unknown (multiple unrelated incidents),None,Vietnam's international internet severely degraded for months; only SMW3 operational at worst point; unprecedented simultaneous failure of 4/5 cables; fully restored Nov 2023, ,~12 months cumulative,10.35,107.08,Resolved November 2023,DCD (Feb 2023); SubTel Forum (Dec 2023 restoration); VietnamNet; VietnamPlus (Dec 27 2022 -- APG 4th fault in 2022),https://www.datacenterdynamics.com/en/news/vietnam-urged-to-invest-in-new-subsea-cables-with-four-of-its-five-cables-in-need-of-repairs/,https://subtelforum.com/undersea-cables-fully-restored-for-vietnam/,https://vietnamnet.vn/en/repairs-completed-on-five-broken-undersea-cables-linked-to-vietnam-2223445.html
Asia Pacific Gateway (APG),"AAE-1 (S1H), APG (S6), AAG (S1I), IA, SMW3 -- Vietnam mass failure",11/1/2022,Fiber optic data cables (multiple),"Multiple locations: South China Sea, near Hong Kong, off Brunei (APG S6)",Multiple separate sequential faults across all 5 Vietnamese international cables over ~12 months,Unknown (multiple unrelated incidents),None,Vietnam's international internet severely degraded for months; only SMW3 operational at worst point; unprecedented simultaneous failure of 4/5 cables; fully restored Nov 2023, ,~12 months cumulative,10.35,107.08,Resolved November 2023,DCD (Feb 2023); SubTel Forum (Dec 2023 restoration); VietnamNet; VietnamPlus (Dec 27 2022 -- APG 4th fault in 2022),https://www.datacenterdynamics.com/en/news/vietnam-urged-to-invest-in-new-subsea-cables-with-four-of-its-five-cables-in-need-of-repairs/,https://subtelforum.com/undersea-cables-fully-restored-for-vietnam/,https://vietnamnet.vn/en/repairs-completed-on-five-broken-undersea-cables-linked-to-vietnam-2223445.html
Asia-America Gateway (AAG) Cable System,"AAE-1 (S1H), APG (S6), AAG (S1I), IA, SMW3 -- Vietnam mass failure",11/1/2022,Fiber optic data cables (multiple),"Multiple locations: South China Sea, near Hong Kong, off Brunei (APG S6)",Multiple separate sequential faults across all 5 Vietnamese international cables over ~12 months,Unknown (multiple unrelated incidents),None,Vietnam's international internet severely degraded for months; only SMW3 operational at worst point; unprecedented simultaneous failure of 4/5 cables; fully restored Nov 2023, ,~12 months cumulative,10.35,107.08,Resolved November 2023,DCD (Feb 2023); SubTel Forum (Dec 2023 restoration); VietnamNet; VietnamPlus (Dec 27 2022 -- APG 4th fault in 2022),https://www.datacenterdynamics.com/en/news/vietnam-urged-to-invest-in-new-subsea-cables-with-four-of-its-five-cables-in-need-of-repairs/,https://subtelforum.com/undersea-cables-fully-restored-for-vietnam/,https://vietnamnet.vn/en/repairs-completed-on-five-broken-undersea-cables-linked-to-vietnam-2223445.html
Basslink,Basslink HVDC Interconnector,12/20/2015,HVDC power cable (also carries fiber for broadband),"~100km off coast of Tasmania, Bass Strait, Australia",Thermal overstressing -- Basslink operated cable beyond design temperature limits; confirmed by High Court arbitrator Justice Robert French (Dec 2020),Basslink Pty Ltd operator negligence (arbitration ruling),"None (operator negligence, not sabotage)",6-month outage; triggered 2016 Tasmanian energy crisis; Tasmania resorted to diesel generators; power prices spiked; Tasmania awarded $70M+ in arbitration,"$70,000,000+",~6 months (Dec 20 2015 to Jun 13 2016),-43,147.5,"Resolved June 13, 2016; arbitration resolved Dec 2020",iTnews (cause revealed 2017); SubTel Forum; RenewEconomy (arbitration 2020),https://www.itnews.com.au/news/cause-of-basslink-cable-outage-finally-revealed-480177,https://reneweconomy.com.au/tasmania-bins-contract-with-basslink/,https://subtelforum.com/tasmanian-govt-basslink-failure/
Africa Coast to Europe (ACE),ACE (Africa Coast to Europe),3/30/2018,Fiber optic data cable,"Near Nouakchott, Mauritania, West Africa",Unknown (no human activity or specific cause confirmed by operator),Unknown,None,Internet disrupted in 10 countries; Mauritania (sole ACE connection) had complete 48-hour blackout; Oracle Internet Intelligence confirmed real-time via BGP data, ,~2 days full blackout (Mauritania); ~1 week others,18.08,-15.97,Resolved within ~1 week,"SubTel Forum / Oracle Internet Intelligence (Apr 5, 2018); Semafor Africa retrospective (Mar 2024)",https://subtelforum.com/ace-submarine-cable-cut-impact/,https://www.semafor.com/article/03/18/2024/africas-damaged-undersea-cables-disrupt-internet-for-weeks, 
Greenland Connect,Greenland Connect (Tele Greenland to Iceland),12/28/2017,Fiber optic data cable,"Near Qaqortoq, southern Greenland, at ~3,000m depth","Unknown break at 3,000m depth",Unknown,None,"Radio, TV, telephony and internet disrupted in southern Greenland; Nanoq Media customers lost all service; no cable ship immediately available", ,~several weeks,60.72,-46.03,Resolved ~January/February 2018,"SubTel Forum / Telecompaper (Jan 3, 2019 -- original Dec 2017 event referenced)",https://subtelforum.com/tele-greenland-says-cable-to-iceland-breaks/, , 
Greenland Connect,Greenland Connect (multiple segments),12/27/2018,Fiber optic data cable,Multiple points: south of Qaqortoq (Dec 2018); south of Sisimiut (Jan 2019); near Aasiaat (Mar 2019),"Unknown (ice, currents, or seabed conditions suspected; CEO stated 'hard to believe three breaks could happen simultaneously')",Unknown,None,Multi-point outage isolated communities across Greenland for months; 4G suspended; ice and storms delayed repairs; customers received compensation, ,~7 months cumulative,67,-50,"Resolved August 23, 2019","SubTel Forum (Jan 24, 2019); SubTel Forum (Mar 14, 2019 -- third break); SubTel Forum (Aug 23, 2019 -- southern repair)",https://subtelforum.com/tele-greenland-finds-cable-break-south-of-sisimiut/,https://subtelforum.com/tele-greenland-repairs-one-cable-break-finds-another/,https://subtelforum.com/tele-greenland-repairs-breach-of-cable-to-south/
SEACOM/Tata TGN-Eurasia,SEACOM,10/29/2019,Fiber optic data cable,"Between Mombasa, Kenya and Zafarana, Egypt",Service-affecting outage (shunt fault; insulation damage causing short circuit),N/A - equipment fault,None,All linear transmission between East Africa and Europe via SEACOM affected; resolved same day, ,Same day,-4.05,39.66,"Resolved same day (October 23, 2019)","SubTel Forum / SEACOM official Twitter statement (Oct 23, 2019)",https://subtelforum.com/seacom-suffers-outage-affecting-services-in-europe/, , 
Unspecified submarine cable (Arabian Sea),Unspecified submarine cable (Arabian Sea),10/29/2019,Fiber optic data cable,Arabian Sea (Cyclone Kyarr track),Storm damage caused by Cyclone Kyarr,N/A - natural disaster (Cyclone Kyarr),None,Internet degraded across Pakistan; PIA online check-in systems went down nationwide; PTA issued public notice; PTCL confirmed fault, ,~1 day,23,62,Resolved within ~24 hours,"SubTel Forum / PTA official statement (Oct 29-30, 2019)",https://subtelforum.com/submarine-cable-fault-disrupts-pakistan-internet/, , 
SEACOM/Tata TGN-Eurasia,SEACOM (Red Sea) + WACS (West Africa) shunt faults,3/13/2020,Fiber optic data cables (multiple),SEACOM -- Red Sea near Egypt; WACS -- off West Africa,Shunt faults on both cables simultaneously (insulation damage); occurred during early COVID-19 lockdowns,N/A - equipment fault (shunt fault),None,Not immediate outages but maintenance windows caused brief outages; timing during COVID compounded disruption, ,Brief (maintenance windows),27,34,Resolved via planned maintenance,"SubTel Forum / MyBroadband / SEACOM official statement (Mar 13, 2020)",https://subtelforum.com/shunt-faults-on-seacom-and-wacs/, , 
West Africa Cable System (WACS),SEACOM (Red Sea) + WACS (West Africa) shunt faults,3/13/2020,Fiber optic data cables (multiple),SEACOM -- Red Sea near Egypt; WACS -- off West Africa,Shunt faults on both cables simultaneously (insulation damage); occurred during early COVID-19 lockdowns,N/A - equipment fault (shunt fault),None,Not immediate outages but maintenance windows caused brief outages; timing during COVID compounded disruption, ,Brief (maintenance windows),27,34,Resolved via planned maintenance,"SubTel Forum / MyBroadband / SEACOM official statement (Mar 13, 2020)",https://subtelforum.com/shunt-faults-on-seacom-and-wacs/, , 
SAT-3/WASC,SAT-3/WASC + WACS,1/15/2020,Fiber optic data cables (multiple),"Congo Canyon, off Angola/DRC/Cameroon coast, West Africa",Submarine mudslide in Congo Canyon; University of Durham study (Jun 2021) confirmed mudslide triggered by Congo River flooding,N/A - natural disaster (submarine mudslide),None,Internet connectivity disrupted in West/Southern Africa; occurred during COVID-19 period; two separate SAT-3 breaks in first half of 2020, ,Weeks to months,-5.5,12,Resolved ~mid-2020,"SubTel Forum (Jun 2, 2021 -- 'SAT-3 WACS faults possibly caused by massive mudslide'); DCD; University of Durham / EarthArXiv study",https://subtelforum.com/sat-3-wacs-faults-possibly-caused-by-massive-mudslide/,https://www.datacenterdynamics.com/en/news/study-finds-mudslides-caused-by-river-flooding-can-damage-subsea-cable-damage/,https://eartharxiv.org/repository/view/2405/
West Africa Cable System (WACS),SAT-3/WASC + WACS,1/15/2020,Fiber optic data cables (multiple),"Congo Canyon, off Angola/DRC/Cameroon coast, West Africa",Submarine mudslide in Congo Canyon; University of Durham study (Jun 2021) confirmed mudslide triggered by Congo River flooding,N/A - natural disaster (submarine mudslide),None,Internet connectivity disrupted in West/Southern Africa; occurred during COVID-19 period; two separate SAT-3 breaks in first half of 2020, ,Weeks to months,-5.5,12,Resolved ~mid-2020,"SubTel Forum (Jun 2, 2021 -- 'SAT-3 WACS faults possibly caused by massive mudslide'); DCD; University of Durham / EarthArXiv study",https://subtelforum.com/sat-3-wacs-faults-possibly-caused-by-massive-mudslide/,https://www.datacenterdynamics.com/en/news/study-finds-mudslides-caused-by-river-flooding-can-damage-subsea-cable-damage/,https://eartharxiv.org/repository/view/2405/
Asia Africa Europe-1 (AAE-1),AAE-1 (Asia Africa Europe 1) -- shunt fault near Fujairah,10/11/2021,Fiber optic data cable,"Near Fujairah, UAE",Shunt fault (insulation damage confirmed by PTA official statement),N/A - equipment fault,None,Internet degraded across Pakistan; PTA issued public warning; repaired within ~24 hours, ,~24 hours,25.13,56.34,"Resolved ~October 12, 2021",Arab News PK / PTA official statement (Nov 12 2021); SubTel Forum (Oct 13 2021),https://www.arabnews.pk/node/1946701/pakistan,https://subtelforum.com/category/cable-faults-maintenance/page/11/, 
Europe India Gateway (EIG),"EIG, FEA, Falcon -- simultaneous Gulf faults",11/5/2017,Fiber optic data cables (multiple),Gulf area near UAE,Three cables faulted near-simultaneously; cause unknown for each,Unknown,None,UAE users on du experienced slower broadband; Pakistan internet degraded; du issued official statement; repair took longer than expected, ,~weeks,25.2,55.3,Resolved,"SubTel Forum / du official statement (Nov 11, 2017)",https://subtelforum.com/98du-says-may-take-longer-to-repair-damaged-submarine-cable/, , 
FALCON,"EIG, FEA, Falcon -- simultaneous Gulf faults",11/5/2017,Fiber optic data cables (multiple),Gulf area near UAE,Three cables faulted near-simultaneously; cause unknown for each,Unknown,None,UAE users on du experienced slower broadband; Pakistan internet degraded; du issued official statement; repair took longer than expected, ,~weeks,25.2,55.3,Resolved,"SubTel Forum / du official statement (Nov 11, 2017)",https://subtelforum.com/98du-says-may-take-longer-to-repair-damaged-submarine-cable/, , 
FEA,"EIG, FEA, Falcon -- simultaneous Gulf faults",11/5/2017,Fiber optic data cables (multiple),Gulf area near UAE,Three cables faulted near-simultaneously; cause unknown for each,Unknown,None,UAE users on du experienced slower broadband; Pakistan internet degraded; du issued official statement; repair took longer than expected, ,~weeks,25.2,55.3,Resolved,"SubTel Forum / du official statement (Nov 11, 2017)",https://subtelforum.com/98du-says-may-take-longer-to-repair-damaged-submarine-cable/, , 
Asia Africa Europe-1 (AAE-1),AAE-1 (Asia Africa Europe 1) -- shunt fault near Qatar,1/2/2025,Fiber optic data cable,"Off coast of Doha, Qatar",Shunt fault on AAE-1 cable system off Doha,N/A - equipment fault,None,Significant network capacity degradation in Pakistan; PTA issued official notice, , ,25.29,51.53,Resolved,"Express Tribune / PTA official statement (Jan 3, 2025)",https://tribune.com.pk/story/2519773/submarine-cable-fault-disrupts-internet, , 
FALCON,FALCON GCX,9/6/2025,Fiber optic data cable,"Red Sea, near Jeddah, Saudi Arabia",Unknown; anchor drag suspected (ICPC expert John Wrottesley cited early analysis),Unknown vessel (anchor drag suspected),"Yemen (Houthis, possible); None confirmed",Kuwait government officially confirmed internet disruptions attributed to FALCON GCX; UAE and Pakistan affected alongside SMW4 and IMEWE cuts; Microsoft Azure posted public advisory, ,Weeks to months,21.5,38.5,Resolved,"AP report via Developing Telecoms (Sep 8, 2025); Cloudflare Radar; Microsoft Azure advisory; Kuwait government official statement",https://developingtelecoms.com/telecom-technology/optical-fixed-networks/19029-red-sea-cable-breaks-disrupt-internet-in-middle-east-south-asia.html,https://blog.cloudflare.com/radar-internet-outages/, 
SEA-ME-WE 3,"SEA-ME-WE 3, EASSy, EIG",2/17/2012,Fiber optic data cables (multiple),Red Sea (AIS tracking confirmed crossing point over 12 hours),Anchor drag from MV Blue Princess (Liberian-flagged); AIS tracked vessel crossing all three cables over 12 hours; speed dropped to zero at final fault,MV Blue Princess (Liberian-flagged cargo vessel; anchor deployed while underway),None (accidental; ICPC confirmed via AIS data),"Internet disruptions across East Africa and Middle East; Tanzania, Kenya, Uganda, Mozambique affected", ,~weeks,15,42,Resolved,ICPC Viewpoints report (primary -- AIS data confirmed causation); Riviera Maritime Media; Kentik blog (retrospective reference),https://www.iscpc.org/publications/icpc-viewpoints/damage-to-submarine-cables-from-dragged-anchors/,https://www.kentik.com/blog/what-caused-the-red-sea-submarine-cable-cuts/,https://www.rivieramm.com/news-content-hub/news-content-hub/regulatory-reform-needed-to-raise-investment-in-cable-repair-vessels-86046
Eastern Africa Submarine System (EASSy),"SEA-ME-WE 3, EASSy, EIG",2/17/2012,Fiber optic data cables (multiple),Red Sea (AIS tracking confirmed crossing point over 12 hours),Anchor drag from MV Blue Princess (Liberian-flagged); AIS tracked vessel crossing all three cables over 12 hours; speed dropped to zero at final fault,MV Blue Princess (Liberian-flagged cargo vessel; anchor deployed while underway),None (accidental; ICPC confirmed via AIS data),"Internet disruptions across East Africa and Middle East; Tanzania, Kenya, Uganda, Mozambique affected", ,~weeks,15,42,Resolved,ICPC Viewpoints report (primary -- AIS data confirmed causation); Riviera Maritime Media; Kentik blog (retrospective reference),https://www.iscpc.org/publications/icpc-viewpoints/damage-to-submarine-cables-from-dragged-anchors/,https://www.kentik.com/blog/what-caused-the-red-sea-submarine-cable-cuts/,https://www.rivieramm.com/news-content-hub/news-content-hub/regulatory-reform-needed-to-raise-investment-in-cable-repair-vessels-86046
Europe India Gateway (EIG),"SEA-ME-WE 3, EASSy, EIG",2/17/2012,Fiber optic data cables (multiple),Red Sea (AIS tracking confirmed crossing point over 12 hours),Anchor drag from MV Blue Princess (Liberian-flagged); AIS tracked vessel crossing all three cables over 12 hours; speed dropped to zero at final fault,MV Blue Princess (Liberian-flagged cargo vessel; anchor deployed while underway),None (accidental; ICPC confirmed via AIS data),"Internet disruptions across East Africa and Middle East; Tanzania, Kenya, Uganda, Mozambique affected", ,~weeks,15,42,Resolved,ICPC Viewpoints report (primary -- AIS data confirmed causation); Riviera Maritime Media; Kentik blog (retrospective reference),https://www.iscpc.org/publications/icpc-viewpoints/damage-to-submarine-cables-from-dragged-anchors/,https://www.kentik.com/blog/what-caused-the-red-sea-submarine-cable-cuts/,https://www.rivieramm.com/news-content-hub/news-content-hub/regulatory-reform-needed-to-raise-investment-in-cable-repair-vessels-86046
Asia Africa Europe-1 (AAE-1),"AAE-1 (Asia Africa Europe 1), SEA-ME-WE 5",6/7/2022,Fiber optic data cables (multiple),Egypt -- landing station segment between Abu Talat (Mediterranean) and Zafarana (Red Sea),Cable cuts at Egyptian landing/terrestrial segment; cause not confirmed publicly (likely construction/excavation near landing station),Unknown (likely construction/excavation),None confirmed,"Internet disruptions across Middle East, Africa, Asia; Google Cloud and OVHcloud reported connectivity issues; Ethiopia, Saudi Arabia, Pakistan affected; Cloudflare confirmed traffic drops; recovered in ~4 hours", ,~4 hours,30.52,32.57,Resolved within ~4 hours,Cloudflare blog (Jun 7 2022 -- real-time BGP data); SubTel Forum (Jun 8 2022); The Register (Jun 7 2022); PTA tweet,https://blog.cloudflare.com/aae-1-smw5-cable-cuts/,https://subtelforum.com/submarine-cable-damage-impacts-asia-africa/,https://www.theregister.com/2022/06/07/aae_smw5_cable_cut/
SeaMeWe-5,"AAE-1 (Asia Africa Europe 1), SEA-ME-WE 5",6/7/2022,Fiber optic data cables (multiple),Egypt -- landing station segment between Abu Talat (Mediterranean) and Zafarana (Red Sea),Cable cuts at Egyptian landing/terrestrial segment; cause not confirmed publicly (likely construction/excavation near landing station),Unknown (likely construction/excavation),None confirmed,"Internet disruptions across Middle East, Africa, Asia; Google Cloud and OVHcloud reported connectivity issues; Ethiopia, Saudi Arabia, Pakistan affected; Cloudflare confirmed traffic drops; recovered in ~4 hours", ,~4 hours,30.52,32.57,Resolved within ~4 hours,Cloudflare blog (Jun 7 2022 -- real-time BGP data); SubTel Forum (Jun 8 2022); The Register (Jun 7 2022); PTA tweet,https://blog.cloudflare.com/aae-1-smw5-cable-cuts/,https://subtelforum.com/submarine-cable-damage-impacts-asia-africa/,https://www.theregister.com/2022/06/07/aae_smw5_cable_cut/
SeaMeWe-5,SEA-ME-WE 5,8/18/2022,Fiber optic data cable,Egypt terrestrial path (480km overland section between Abu Talat and Zafarana),Cable fault on Egyptian terrestrial/land segment; Transworld Associates confirmed,Unknown (terrestrial section fault),None,Internet slowdowns in Pakistan; Transworld Associates (Pakistani operator) confirmed fault, ,Days,30.52,32.57,Resolved,"SubTel Forum (Aug 18, 2022); Transworld Associates official statement",https://subtelforum.com/sea-me-we-5-fault-causing-disruptions/, , 
SEA-ME-WE 3,SEA-ME-WE 3,1/10/2013,Fiber optic data cable,"1,126 km from Tuas Cable Landing Station, Singapore (between repeaters 345 and 346, off Jakarta)",Cable severed (cause unconfirmed; anchor drag or seabed abrasion suspected; same repeater segment as multiple prior cuts); Indonesia permit delayed repair until April 2013,Unknown vessel or environmental (repeated fault on same segment),None,Australia-Asia connectivity degraded; ~3 month outage due to Indonesian permit delays, ,~3 months,-6.1,106.8,"Resolved ~April 9, 2013","SubTel Forum (Dec 2, 2014 -- referencing prior 2013 incident); SubmarineNetworks.com SMW3 record; DCD (2017 retrospective)",https://subtelforum.com/sea-me-we-3-cut/,https://www.datacenterdynamics.com/en/news/sea-me-we-3-cable-cut-again/, 
SEA-ME-WE 3,SEA-ME-WE 3,7/20/2013,Fiber optic data cable,"13 km south of Irrawaddy Delta shore, Myanmar (Andaman Sea approach)",Cable fault (cause unspecified; possible anchor drag or environmental; concurrent terrestrial fault near Pyapon also confirmed by MPT engineer Myo Swe),Unknown,None,"Myanmar internet severely disrupted for ~700,000-800,000 users; MPT (state operator) issued official public announcement; overland cross-border connections used as backup; repairs took ~1 month", ,~1 month,16,95,Resolved ~August 2013,"SubmarineNetworks.com / MPT official statement (Aug 5, 2013); LIRNEasia (Aug 6, 2013 -- citing The Irrawaddy and MPT engineer statement)",https://www.submarinenetworks.com/en/systems/asia-australia/smw3/sea-me-we-3-cable-cut-disrupted-myanmar-internet,https://lirneasia.net/2013/08/myanmar-must-restore-its-credibility-before-internet/, 
SEA-ME-WE 3,SEA-ME-WE 3,11/30/2014,Fiber optic data cable,Jakarta to Perth sector (South China Sea / Java Sea),Cable fault on Jakarta-Perth sector; ASEAN Explorer arrived Dec 24 2014; restored Jan 1 2015,Unknown,None,Australia-Asia connectivity degraded; ~32-day repair; brought forward Australia Singapore Cable launch planning, ,~32 days,-6.5,107.5,"Resolved January 1, 2015","SubTel Forum (Dec 2, 2014 -- 'SEA-ME-WE 3 Submarine Cable Reports Outage'); The Register (Dec 2, 2014); DCD retrospective",https://subtelforum.com/26sea-me-we-3-submarine-cable-reports-outage/,https://www.datacenterdynamics.com/en/news/sea-me-we-3-cable-cut-again/, 
SEA-ME-WE 3 (S3.3 segment),SEA-ME-WE 3 (S3.3 segment),9/15/2015,Fiber optic data cable,"~1,143 km from Tuas cable station (between repeater R346 and R345); second fault Sep 27 at 360km from Ancol Station",Cable cut at S3.3 segment; same repeater location as prior March 2013 cut; Indonesian customs/permit delays slowed repair,Unknown (anchor drag or seabed abrasion suspected; repeat fault at same repeater location),None,Australia-Asia connectivity severely degraded; concurrent Apple iPhone 6 / iOS9 / OSX launch -- Telstra customers' Apple services described as 'crippled'; ~6-8 week repair, ,~6-8 weeks,-6.1,106.8,Resolved mid-October 2015,"SubmarineNetworks.com SMW3 fault record (exact repeater R346/R345 coordinates); DCD (Dec 4, 2017 -- confirms Sept 2015 among series)",https://subtelforum.com/sea-me-we-3-cut/,https://www.datacenterdynamics.com/en/news/sea-me-we-3-cable-cut-again/, 
SEA-ME-WE 3,SEA-ME-WE 3,12/11/2016,Fiber optic data cable,"1,125 km from Singapore Tuas Cable Landing Station (off Jakarta)",Cable cut; Vocus Group confirmed fault at 9:30 AEST; ASEAN Explorer arrived Jan 10 2017,Unknown,None,Australia-Singapore connectivity degraded ~36 days; Vocus rerouted traffic; repairs completed Jan 16 2017, ,~36 days,-6.1,106.8,"Resolved January 16, 2017","SubTel Forum (Dec 4, 2017 -- 'SEA-ME-WE 3 Submarine Cable Cut Again' confirming Dec 2016 cut); DCD (Dec 4, 2017); Lightwave Online (Vocus statement)",https://subtelforum.com/sea-me-we-3-cut/,https://www.datacenterdynamics.com/en/news/sea-me-we-3-cable-cut-again/,https://www.lightwaveonline.com/network-design/article/16673397/sea-me-we-3-submarine-cable-suffers-break
SEA-ME-WE 3,SEA-ME-WE 3,10/26/2018,Fiber optic data cable,Perth to branching unit between repeaters R342 and R343,Cable fault between repeaters R342-R343; iiNet Group reported at 11:35 AEST,Unknown,None,Australia-Singapore degraded; Vocus rerouted to Australia Singapore Cable (ASC); iiNet customers affected, ,Weeks,-32,116,Resolved,iTnews (Oct 2018 -- iiNet confirmed fault); SubTel Forum; SubmarineNetworks.com SMW3 record,https://www.itnews.com.au/news/damaged-smw3-cable-brought-back-online-513346,https://subtelforum.com/sea-me-we-3-cut/, 
SEA-ME-WE 3 -- GCHQ/NSA/ASD intelligence interception (TEMPORA),SEA-ME-WE 3 -- GCHQ/NSA/ASD intelligence interception (TEMPORA),8/1/2013,Fiber optic data cable,"Tuas landing station, Singapore (primary); Perth, Australia (secondary)",Intelligence interception via optical taps at Tuas landing station; SingTel facilitated access; not physical cable damage,GCHQ (UK); NSA (USA); ASD / DSD (Australia); Singapore SID (facilitator) -- TEMPORA program,UK (GCHQ primary); USA (NSA); Australia (ASD),No connectivity outage; intelligence interception of traffic; massive data sharing between Five Eyes partners; Süddeutsche Zeitung reported citing Snowden documents, ,Ongoing (discovered 2013; program ran from at least 2011),1.35,103.64,"Ongoing at time of discovery; program existence confirmed; no repair needed (surveillance, not damage)",Süddeutsche Zeitung (Aug 2013 -- Snowden-sourced TEMPORA/SMW3 intercept); The Age (Australia -- confirmed ASD involvement),https://www.submarinenetworks.com/en/systems/asia-europe-africa/smw3,https://grokipedia.com/page/SEA-ME-WE_3, 
SEA-ME-WE 3,SEA-ME-WE 3,12/12/2010,Fiber optic data cable,"31 km from Alexandria cable station, Mediterranean Sea",Cable break 31km from Alexandria cable station; cause not confirmed,Unknown,None,"SMW3 severely affected between Alexandria and Sesimbra segments; South Asia, Middle East, Africa connectivity degraded", ,Weeks,31.2,29.8,Resolved,IPFS/SMW3 mirror citing consortium records; SubmarineNetworks.com SMW3 fault log,https://www.submarinenetworks.com/en/systems/asia-europe-africa/smw3, , 
SeaMeWe-4,SEA-ME-WE 4 (or SMW3 -- near Singapore),6/1/2012,Fiber optic data cable,Near Singapore (exact location unspecified),Cable severed near Singapore; BSCCL (Bangladesh Submarine Cable Company Ltd) affected,Unknown,None,Serious internet disruption in Bangladesh; BSCCL confirmed; BDnews24 reported disruption, ,Days,1.3,103.8,Resolved,"SubTel Forum / BDnews24.com (Jun 6, 2012 -- 'Submarine cable cut disrupts internet'); BSCCL operator statement",https://subtelforum.com/31submarine-cable-cut-disrupts-internet/, , 
Taiwan Penghu Kinmen Matsu No.2 (TPKM2),Taima-2 (Taiwan-Matsu No. 2) -- suspected damage by salvage barge,4/7/2026,Fiber optic communications cable,"Off Dongyin Island, Matsu Islands, Taiwan Strait",Suspected anchor drag by Chinese salvage barge Hai Hong Gong 66 during recovery of grounded fishing vessel Min Lian Yu 63896; Taiwan officials suspect intentional damage during 'salvage' operation as cover,MV Hai Hong Gong 66 (Chinese salvage barge); Min Lian Yu 63896 (grounded Chinese fishing vessel),China (suspected; gray zone operation using salvage as cover),Communications disruption to Dongyin Island; Taiwanese officials raised national security concerns, , ,26.37,120.49,Investigation ongoing,"SubTel Forum (Apr 3, 2026 -- Taiwan officials accused barge); Taiwan Coast Guard official statement",https://subtelforum.com/taiwan-accuses-salvage-barge-of-damaging-subsea-cable/, , 
R100 North,R100 North,3/22/2026,Fiber optic data cable,"Near Orkney Islands, United Kingdom",Cut (Major),Unknown,Unknown,"Major broadband and mobile outage in Orkney; declared a ""major incident""",,,58.941823,-3.129694,Resolved,The Orcadian,https://www.orcadian.co.uk/subsea-cable-break-knocks-out-broadband-and-mobile-for-part-of-orkney/,,
EAC-C2C,EAC-C2C,3/17/2026,Fiber optic data cable,Taiwan Strait,Cut (Major),Unknown,Unknown,Service disruption reported; Chunghwa Telecom reassured services were unaffected,,,24.491739,119.605402,Reported,Chunghwa Telecom,https://aqualab.cs.northwestern.edu/sentinel-events/,,
Asia Pacific Gateway (APG),Asia Pacific Gateway (APG),3/15/2026,Fiber optic data cable,Off Malaysia,Cut (Major),Unknown,Unknown,Service disruption on APG cable system,,,4.569375,102.265682,Reported,APG Cable System,https://aqualab.cs.northwestern.edu/sentinel-events/,,
Taiwan Penghu Kinmen Matsu No.2 (TPKM2),Taiwan Penghu Kinmen Matsu No.2 (TPKM2),3/7/2026,Fiber optic data cable,Taiwan Strait,Cut (Major),Unknown,Unknown,Communications disruption,,,24.491739,119.605402,Reported,Northwestern Sentinel,https://aqualab.cs.northwestern.edu/sentinel-events/,,
Taiwan Penghu Kinmen Matsu No.3 (TPKM3),Taiwan Penghu Kinmen Matsu No.3 (TPKM3),2/25/2026,Fiber optic data cable,Taiwan Strait,Cut (Major),Chinese vessel,China (suspected),Undersea cable damaged near Taiwan,,,23.22,119.61,Reported,Just Security,https://www.justsecurity.org/113221/chinas-shadow-fleet-war-on-taiwans-undersea-cables/,,
Asia Africa Europe-1 (AAE-1),Asia Africa Europe-1 (AAE-1),2/15/2026,Fiber optic data cable,Off Thailand,Cut (Major),Unknown,Unknown,Internet disruption in Vietnam; AAE-1 and APG impacted,,,14.897192,100.832730,Reported,SubTel Forum,https://subtelforum.com/aae-1-and-apg-submarine-cables-disrupted-impacting-vietnams-internet/,,
Trans-Pacific Express (TPE) Cable System,Trans-Pacific Express (TPE),2/1/2026,Fiber optic data cable,Taiwan Strait,Cut (Major),Unknown,Unknown,Another severed submarine cable raises alarm in Taiwan,,,24.491739,119.605402,Resolved,Just Security,https://www.justsecurity.org/113221/chinas-shadow-fleet-war-on-taiwans-undersea-cables/,,
INDIGO-West,INDIGO-West,1/20/2026,Fiber optic data cable,"Perth, Australia to Singapore",Cut (Major),Unknown,Unknown,Indigo West subsea cable undergoing repairs; route disruption between Singapore and Southeast Asia,,,-30,110,Reported,Data Centre Dynamics,https://www.datacenterdynamics.com/en/news/indigo-west-subsea-cable-undergoing-repairs/,,
West Africa Cable System (WACS),West Africa Cable System (WACS),1/14/2026,Fiber optic data cable,"Off African coast (Congo, DRC)",Cut (Major),Unknown,Unknown,WACS Cable undergoing repairs off African coast,,,-5.5,12,Reported,SubTel Forum,https://subtelforum.com/wacs-cable-undergoes-repairs-off-african-coast/,,
Apricot,Apricot,1/3/2026,Fiber optic data cable,Taiwan Strait,Cut (Major),Unknown,Unknown,Undersea cable incident,,,24.491739,119.605402,Reported,Northwestern Sentinel,https://aqualab.cs.northwestern.edu/sentinel-events/,,
FLAG North Asia Loop/REACH North Asia Loop,FLAG North Asia Loop/REACH North Asia Loop,12/28/2025,Fiber optic data cable,Taiwan Strait,Cut (Major),Unknown,China (suspected),China probe found Taiwanese men controlled ship that cut undersea cables,,,25.3,121.8,Reported,China Probe,https://aqualab.cs.northwestern.edu/sentinel-events/,,
EAC-C2C,EAC-C2C,12/26/2025,Fiber optic data cable,"Taiwan, Philippines",Cut (Major),Unknown,Unknown,Chunghwa Telecom reassures cable services unaffected after failure reports,,,,,Reported,Chunghwa Telecom,https://aqualab.cs.northwestern.edu/sentinel-events/,,
Trans-Pacific Express (TPE) Cable System,Trans-Pacific Express (TPE),12/25/2025,Fiber optic data cable,Taiwan Strait,Cut (Major),Unknown,Unknown,Another severed submarine cable raises alarm in Taiwan,,,24.491739,119.605402,Reported,Just Security,https://www.justsecurity.org/113221/chinas-shadow-fleet-war-on-taiwans-undersea-cables/,,
Southeast Asia-Japan Cable 2 (SJC2),Southeast Asia-Japan Cable 2 (SJC2),12/25/2025,Fiber optic data cable,"Taiwan, Japan",Cut (Major),Unknown,Unknown,Cables damaged after earthquake; MODA activated backup and emergency response,,,,,Reported,MODA Taiwan,https://moda.gov.tw,,
EAC-C2C,EAC-C2C,12/24/2025,Fiber optic data cable,"Taiwan, Hong Kong",Cut (Major),Unknown,Unknown,EAC-C2C Cable System fault,,,,,Reported,EAC-C2C,https://aqualab.cs.northwestern.edu/sentinel-events/,,
Pacific Light Cable Network (PLCN),Pacific Light Cable Network (PLCN),12/24/2025,Fiber optic data cable,Taiwan Strait,Cut (Major),Unknown,Unknown,Cables damaged after earthquake; MODA activated backup and emergency response,,,24.491739,119.605402,Reported,MODA Taiwan,https://moda.gov.tw,,
APCN-2,APCN-2,12/21/2025,Fiber optic data cable,Taiwan Strait / South China Sea,Cut (Major),Unknown,Unknown,Cables damaged after earthquake; MODA activated backup and emergency response,,,,,Resolved,MODA Taiwan,https://moda.gov.tw,,
Asia Pacific Gateway (APG),Asia Pacific Gateway (APG),12/15/2025,Fiber optic data cable,Off Singapore,Cut (Major),Unknown,Unknown,AAG Still Not Fixed And APG Now Has Another Fault,,,1.357107,103.819499,Reported,SubTel Forum,https://subtelforum.com/aag-still-not-fixed-and-apg-now-has-another-fault/,,
INDIGO-West,INDIGO-West,12/2/2025,Fiber optic data cable,"Perth, Australia to Singapore",Cut (Major),Unknown,Unknown,Indigo West subsea cable undergoing repairs; route disruption between Singapore and Southeast Asia,,,-30,110,Resolved,Data Centre Dynamics,https://www.datacenterdynamics.com/en/news/indigo-west-subsea-cable-undergoing-repairs/,,
Taiwan Strait Express-1 (TSE-1),Taiwan Strait Express-1 (TSE-1),10/27/2025,Fiber optic data cable,Taiwan Strait,Cut (Major),Unknown,Unknown,Undersea cable incident,,,24.491739,119.605402,Reported,Northwestern Sentinel,https://aqualab.cs.northwestern.edu/sentinel-events/,,
Taiwan Penghu Kinmen Matsu No.2 (TPKM2),Taiwan Penghu Kinmen Matsu No.2 (TPKM2),10/7/2025,Fiber optic data cable,Taiwan Strait,Cut (Major),Unknown,Unknown,Undersea cable incident,,,24.491739,119.605402,Reported,Northwestern Sentinel,https://aqualab.cs.northwestern.edu/sentinel-events/,,
SHEFA-2,SHEFA-2,10/3/2025,Fiber optic data cable,"Near Shetland Islands, United Kingdom",Cut (Major),Unknown,Unknown,Broadband outages on Shetland after second subsea fibre break; Shefa-2 cable could take two weeks to repair,,,60.333333,-1.333333,Resolved,Shetland News,https://www.shetlandnews.co.uk,,
BT Highlands and Islands Submarine Cable System,BT Highlands and Islands Submarine Cable System,10/3/2025,Fiber optic data cable,"Near Shetland Islands, United Kingdom",Cut (Major),Unknown,Unknown,Broadband outages on Shetland after second subsea fibre break,,,60.333333,-1.333333,Resolved,BT,https://www.bt.com,,
Chennai-Andaman & Nicobar Islands Cable (CANI),Chennai-Andaman & Nicobar Islands Cable (CANI),9/20/2025,Fiber optic data cable,"Car Nicobar-Kamorta segment, India",Cut (Major),Unknown,Unknown,ASEAN Restorer to repair CANI Cable near Nicobar,,,,,Resolved,SubTel Forum,https://subtelforum.com/cani-submarine-cable-outage-in-car-nicobar-kamorta-segment/,,
FLAG North Asia Loop/REACH North Asia Loop,FLAG North Asia Loop/REACH North Asia Loop,9/15/2025,Fiber optic data cable,Taiwan Strait,Cut (Major),Unknown,Unknown,Undersea cable incident,,,24.491739,119.605402,Resolved,Northwestern Sentinel,https://aqualab.cs.northwestern.edu/sentinel-events/,,
Europe India Gateway (EIG),Europe India Gateway (EIG),9/9/2025,Fiber optic data cable,Red Sea near Yemen,Cut (Critical),Unknown,"Yemen (Houthis, suspected); Iran (backing)",Red Sea Cable Cuts Disrupt Connectivity and Expose Global Infrastructure Risks,,,12.7,43.4,Resolved,ComplexDiscovery,https://complexdiscovery.com/red-sea-cable-cuts-disrupt-connectivity-and-expose-global-infrastructure-risks/,,
FALCON,FALCON,9/8/2025,Fiber optic data cable,Red Sea near Saudi Arabia,Cut (Critical),Unknown,"Yemen (Houthis, suspected); Iran (backing)",Internet slowdown: Why the Red Sea's SMW4 and IMEWE cables matter,,,21.5,38.5,Resolved,Developing Telecoms,https://developingtelecoms.com/telecom-technology/optical-fixed-networks/19029-red-sea-cable-breaks-disrupt-internet-in-middle-east-south-asia.html,,
SeaMeWe-4,SeaMeWe-4,9/6/2025,Fiber optic data cable,Red Sea near Saudi Arabia,Cut (Critical),Unknown,"Yemen (Houthis, suspected); Iran (backing)",Undersea cables cut in the Red Sea; Red Sea cable cuts trigger latency for Azure services,,,20.5,37.8,Reported,Microsoft Azure,https://azure.microsoft.com,,
IMEWE,IMEWE,9/6/2025,Fiber optic data cable,Red Sea near Saudi Arabia,Cut (Critical),Unknown,"Yemen (Houthis, suspected); Iran (backing)",Internet slowdown: Why the Red Sea's SMW4 and IMEWE cables matter; Submarine Cable Cuts Disrupt Internet Services in Pakistan,,,20.5,37.8,Resolved,Developing Telecoms,https://developingtelecoms.com/telecom-technology/optical-fixed-networks/19029-red-sea-cable-breaks-disrupt-internet-in-middle-east-south-asia.html,,
EAC-C2C,EAC-C2C,9/1/2025,Fiber optic data cable,"Hong Kong, Singapore",Cut (Major),Unknown,Unknown,Submarine cable disruption affects Taiwan-Singapore traffic,,,,,Resolved,SubTel Forum,https://subtelforum.com/submarine-cable-disruption-affects-taiwan-singapore-traffic/,,
EAC-C2C,EAC-C2C,7/28/2025,Fiber optic data cable,Taiwan Strait,Cut (Major),Unknown,Unknown,Chunghwa Telecom reassures cable services unaffected after failure reports,,,24.491739,119.605402,Resolved,Chunghwa Telecom,https://aqualab.cs.northwestern.edu/sentinel-events/,,
SHEFA-2,SHEFA-2,7/26/2025,Fiber optic data cable,"Near Shetland/Orkney Islands, United Kingdom",Cut (Major),Fishing vessel (suspected),Unknown,Broadband Disrupted for Shetland and Orkney by Subsea Fibre Break; Fishing Vessel Blamed,,,,,Resolved,Shetland News,https://www.shetlandnews.co.uk,,
Alaska United Southeast (AU-SE),Alaska United Southeast (AU-SE),3/13/2025,Fiber optic data cable,"Sitka, Alaska, United States",Cut (Major),Unknown,Unknown,Subsea cable repaired after outage in Sitka, Alaska,,57.408608,-135.459621,Resolved,Alaska Communications,https://www.alaskacommunications.com,,
PEACE Cable,PEACE Cable,3/4/2025,Fiber optic data cable,"Red Sea, ~1,450km from Zafarana, Egypt (Sudan EEZ)",Cut (Critical),Unknown,"Yemen (Houthis, suspected); Iran (backing)",PEACE Cable Cut in the Red Sea; PEACE Submarine Cable Cut Disrupts East Africa,,,21,38.5,Resolved,SubTel Forum,https://subtelforum.com/peace-submarine-cable-cut-disrupts-east-africa/,,
C-Lion1,C-Lion1,2/19/2025,Fiber optic data cable,"Baltic Sea, east of Gotland, Sweden (Germany-Finland route)",Cut (Major),Unknown,Russia (suspected),Sweden Reports Another Damaged Submarine Cable in Baltic Sea; Finland and Sweden probe suspected sabotage,,,56.8,18,Resolved,SubmarineNetworks,https://www.submarinenetworks.com/en/nv/insights/finland-charges-russian-linked-ship-officers-over-baltic-sea-cable-sabotage/,,
Kingisepp-Kaliningrad System (Baltika),Kingisepp-Kaliningrad System (Baltika),2/8/2025,Fiber optic data cable,"Baltic Sea, near Kaliningrad, Russia",Cut (Major),Unknown,Russia (suspected),Russian cable to Kaliningrad damaged in the Baltic Sea; Rostelecom completes repairs,,,54.7,20.5,Resolved,Rostelecom,https://www.rostelecom.ru,,
Asia Pacific Gateway (APG),Asia Pacific Gateway (APG),2/1/2025,Fiber optic data cable,Off Malaysia,Cut (Major),Unknown,Unknown,AAG Still Not Fixed And APG Now Has Another Fault,,,4.569375,102.265682,Resolved,SubTel Forum,https://subtelforum.com/aag-still-not-fixed-and-apg-now-has-another-fault/,,
Darwin-Jakarta-Singapore Cable (DJSC),Darwin-Jakarta-Singapore Cable (DJSC),1/28/2025,Fiber optic data cable,Darwin-Jakarta-Singapore route,Cut (Major),Unknown,Unknown,Ship Happens: Repairing Australia's Submarine Internet Lifelines,,,,,Resolved,SubTel Forum,https://subtelforum.com/ship-happens-repairing-australias-submarine-internet-lifelines/,,
North-West Cable System,North-West Cable System,1/28/2025,Fiber optic data cable,Australia,Cut (Major),Unknown,Unknown,Ship Happens: Repairing Australia's Submarine Internet Lifelines,,,-24.776109,134.755000,Resolved,SubTel Forum,https://subtelforum.com/ship-happens-repairing-australias-submarine-internet-lifelines/,,
Sweden-Latvia,Sweden-Latvia Cable (LVRTC-Gotland),1/26/2025,Fiber optic TV & radio cable,"Baltic Sea, between Ventspils, Latvia and F?rosund, Gotland, Sweden",Cut (Major),Unknown,Unknown,Baltic undersea cable likely damaged by external force; Sweden launches sabotage probe,,,57.4,20.5,Resolved,CNN,https://www.cnn.com/2025/01/26/europe/latvia-baltic-undersea-cable-intl-latam/index.html,,
Taiwan Penghu Kinmen Matsu No.2 (TPKM2),Taiwan Penghu Kinmen Matsu No.2 (TPKM2),1/22/2025,Fiber optic data cable,Taiwan Strait,Cut (Major),Unknown,Unknown,A cut undersea internet cable is making Taiwan worried about 'gray zone' tactics,,,24.491739,119.605402,Resolved,The Diplomat,https://thediplomat.com/2025/01/another-severed-submarine-cable-raises-alarm-in-taiwan/,,
Taiwan Penghu Kinmen Matsu No.3 (TPKM3),Taiwan Penghu Kinmen Matsu No.3 (TPKM3),1/15/2025,Fiber optic data cable,Taiwan Strait,Cut (Major),Chinese vessel,China (suspected),Another Severed Submarine Cable Raises Alarm in Taiwan; Chinese vessel suspected,,,23.22,119.61,Resolved,Just Security,https://www.justsecurity.org/113221/chinas-shadow-fleet-war-on-taiwans-undersea-cables/,,
Quintillion Subsea Cable Network,Quintillion Subsea Cable Network,1/10/2025,Fiber optic data cable,"Alaska, United States",Cut (Critical),Unknown,Unknown,Internet disruptions reported in Northwest Alaska due to subsea cable break; Quintillion completes Arctic Cable Repair,,,64.445961,-149.680909,Resolved,Quintillion,https://www.quintillion.com,,
Trans-Pacific Express (TPE) Cable System,Trans-Pacific Express (TPE),1/3/2025,Fiber optic data cable,Taiwan Strait,Cut (Major),Chinese-owned ship,China (suspected),Taiwan says Chinese-owned ship damaged undersea internet cable; Taiwan Coast Guard blames Chinese-owned ship,,,25.3,121.8,Resolved,Just Security,https://www.justsecurity.org/113221/chinas-shadow-fleet-war-on-taiwans-undersea-cables/,,
Asia Africa Europe-1 (AAE-1),Asia Africa Europe-1 (AAE-1),1/3/2025,Fiber optic data cable,"Off Qatar, Pakistan",Cut (Major),Unknown,Unknown,PTCL says 'alternative bandwidth channels arranged' after fault in submarine cable,,,25.29,51.53,Reported,Express Tribune,https://tribune.com.pk/story/2519773/submarine-cable-fault-disrupts-internet,,
Tata TGN-Intra Asia (TGN-IA),Tata TGN-Intra Asia (TGN-IA),12/26/2024,Fiber optic data cable,"Vietnam, Singapore",Cut (Major),Unknown,Unknown,TGN-IA Submarine Cable System Malfunction in Singapore-Vietnam Section; repairs rescheduled,,,,,Resolved,SubTel Forum,https://subtelforum.com/tgn-ia-submarine-cable-system-malfunction-in-singapore-vietnam-section/,,
C-Lion1,C-Lion1,12/26/2024,Fiber optic data cable,"Baltic Sea, Finland-Estonia route",Cut (Major),MV Eagle S,Russia (suspected),What to know about Finland and Russia's shadow fleet; Did a Russian shadow ship cut the Finland-Estonia cable?,,,56.8,18,Resolved,SubmarineNetworks,https://www.submarinenetworks.com/en/nv/insights/finland-charges-russian-linked-ship-officers-over-baltic-sea-cable-sabotage/,,
Baltic Sea Submarine Cable,Baltic Sea Submarine Cable,12/26/2024,Fiber optic data cable,"Baltic Sea, Finland-Estonia",Cut (Major),MV Eagle S,Russia (suspected),Finland detains Russia-linked vessel over damaged undersea cables; Finland seizes Russia-linked tanker,,,59.8,24.6,Resolved,NPR,https://www.npr.org/2024/12/27/g-s1-40114/finland-russia-vessel-undersea-cables,,
Finland Estonia Connection 1 (FEC-1),Finland Estonia Connection 1 (FEC-1),12/26/2024,Fiber optic data cable,"Baltic Sea, Finland-Estonia",Cut (Major),MV Eagle S,Russia (suspected),2024 Estlink 2 incident; How the Baltic Sea nations have tackled suspicious cable cuts,,,59.8,24.6,Resolved,Wikipedia,https://en.wikipedia.org/wiki/2024_Estlink_2_incident,,
Interchange Cable Network 1 (ICN1),Interchange Cable Network 1 (ICN1),12/17/2024,Fiber optic data cable,Vanuatu,Cut (Major),Unknown,Unknown,2024 Port Vila earthquake; Vanuatu Illustrates Risks of Thin Subsea Cable Infrastructure,,,-16.525507,168.106915,Resolved,Wikipedia,https://en.wikipedia.org/wiki/2024_Port_Vila_earthquake,,
Asia Pacific Gateway (APG),Asia Pacific Gateway (APG),12/1/2024,Fiber optic data cable,Off Malaysia,Cut (Major),Unknown,Unknown,AAG Still Not Fixed And APG Now Has Another Fault,,,4.569375,102.265682,Resolved,SubTel Forum,https://subtelforum.com/aag-still-not-fixed-and-apg-now-has-another-fault/,,
BCS East-West Interlink,BCS East-West Interlink,11/17/2024,Data cable,"Baltic Sea, between ventoji, Lithuania and Gotland, Sweden",Cut (Critical),MV Yi Peng 3,China (suspected); Russia (suspected coordination),BCS East subsea cable connecting Latvia and Lithuania damaged; Baltic subsea cable cuts feared to be hybrid warfare,,,57.05,19.6,Resolved,Wikipedia,https://en.wikipedia.org/wiki/2024_Baltic_Sea_submarine_cable_disruptions,,
FALCON,FALCON,9/25/2024,Fiber optic data cable,"Kuwait, Saudi Arabia",Cut (Major),Unknown,Unknown,CITRA: Outage in International cable Falcon causes Internet issues; Kuwait Internet Restored,,,25.2,55.3,Resolved,CITRA Kuwait,https://www.citra.gov.kw,,
Alaska United East (AU-East),Alaska United East (AU-East),8/29/2024,Fiber optic data cable,"Southeast Alaska, United States",Cut (Major),Unknown,Unknown,Alaska Communications' Subsea Cable Breaks in Southeast Alaska,,,,,Reported,Alaska Communications,https://www.alaskacommunications.com,,
Tonga Domestic Cable Extension (TDCE),Tonga Domestic Cable Extension (TDCE),6/29/2024,Fiber optic data cable,Tonga,Cut (Critical),Unknown,Unknown,Tonga's only domestic subsea cable suffers another outage; Tonga suffers internet disruptions,,,-20.54,-175.38,Reported,SubTel Forum,https://subtelforum.com/tongas-domestic-subsea-cable-suffers-another-outage/,,
Maya-1.2,Maya-1.2,6/21/2024,Fiber optic data cable,"Mexico, Cayman Islands",Cut (Major),Unknown,Unknown,Cayman's connectivity now at full strength following Maya-1 repairs; OfReg shares details,,,,,Resolved,OfReg Cayman,https://www.ofreg.ky,,
Tata TGN-Intra Asia (TGN-IA),Tata TGN-Intra Asia (TGN-IA),6/13/2024,Fiber optic data cable,"Vietnam, Singapore",Cut (Major),Unknown,Unknown,Repairs to Vietnam Submarine Cables Rescheduled,,,,,Resolved,SubTel Forum,https://subtelforum.com/repairs-to-vietnam-submarine-cables-rescheduled/,,
Asia Africa Europe-1 (AAE-1),Asia Africa Europe-1 (AAE-1),6/12/2024,Fiber optic data cable,"Cambodia, Vietnam",Cut (Major),Unknown,Unknown,AAE-1 and APG submarine cables disrupted; impacting Vietnam's Internet,,,,,Resolved,SubTel Forum,https://subtelforum.com/aae-1-and-apg-submarine-cables-disrupted-impacting-vietnams-internet/,,
Asia Pacific Gateway (APG),Asia Pacific Gateway (APG),6/12/2024,Fiber optic data cable,"Vietnam, Cambodia",Cut (Major),Unknown,Unknown,Four Cable Faults Impact Vietnam Telecoms,,,,,Resolved,VietnamNet,https://vietnamnet.vn/en/repairs-completed-on-five-broken-undersea-cables-linked-to-vietnam-2223445.html,,
Eastern Africa Submarine System (EASSy),Eastern Africa Submarine System (EASSy),5/12/2024,Fiber optic data cable,"Off Mtunzini, KwaZulu-Natal coast, South Africa (~45km north of Durban)",Cut (Critical),Unknown vessel,None confirmed,2024 East Africa Submarine Cable Outage Report; East African Internet connectivity impacted,,,-28.9,32.4,Resolved,Internet Society,https://www.internetsociety.org/resources/doc/2024/2024-east-africa-submarine-cable-outage-report/,,
SEACOM/Tata TGN-Eurasia,SEACOM/Tata TGN-Eurasia,5/12/2024,Fiber optic data cable,"Off Mtunzini, KwaZulu-Natal coast, South Africa (~45km north of Durban)",Cut (Critical),Unknown vessel,None confirmed,2024 East Africa Submarine Cable Outage Report; Repair Vessel Heads Out to Fix Major Internet Cable Break,,,-28.9,32.4,Resolved,Internet Society,https://www.internetsociety.org/resources/doc/2024/2024-east-africa-submarine-cable-outage-report/,,
SeaMeWe-5,SeaMeWe-5,4/19/2024,Fiber optic data cable,"Singapore, Bangladesh",Cut (Major),Unknown,Unknown,Bangladesh suffers Internet outage after SEA-ME-WE 5 cable break; What caused the damage?,,,,,Resolved,SubTel Forum,https://subtelforum.com/bangladesh-suffers-internet-outage-after-sea-me-we-5-cable-break/,,
West Africa Cable System (WACS),West Africa Cable System (WACS),3/14/2024,Fiber optic data cable,"West Africa, off Ivory Coast/South Africa/Nigeria",Cut (Critical),N/A - natural disaster (underwater landslide),None,Undersea cable failures cause Internet disruptions; 2024 West Africa Submarine Cable Outage Report,,,-5.32,-4.05,Resolved,Internet Society,https://www.internetsociety.org/resources/doc/2024/2024-west-africa-submarine-cable-outage-report/,,
SAT-3/WASC,SAT-3/WASC,3/14/2024,Fiber optic data cable,"West Africa, off Ivory Coast/South Africa",Cut (Critical),N/A - natural disaster (underwater landslide),None,Undersea cable failures cause Internet disruptions for multiple African countries,,,-5.32,-4.05,Resolved,Internet Society,https://www.internetsociety.org/resources/doc/2024/2024-west-africa-submarine-cable-outage-report/,,
MainOne,MainOne,3/14/2024,Fiber optic data cable,"Nigeria, Ghana, Ivory Coast",Cut (Critical),N/A - natural disaster (underwater landslide),None,Submarine Cable Repair May Take Two Weeks, Says MainOne; MainOne Announces Successful Repair,,-5.32,-4.05,Resolved,MainOne,https://www.mainone.net,,
Africa Coast to Europe (ACE),Africa Coast to Europe (ACE),3/14/2024,Fiber optic data cable,Ivory Coast,Cut (Critical),N/A - natural disaster (underwater landslide),None,Undersea cable failures cause Internet disruptions for multiple African countries,,,-5.32,-4.05,Resolved,Internet Society,https://www.internetsociety.org/resources/doc/2024/2024-west-africa-submarine-cable-outage-report/,,
Asia Africa Europe-1 (AAE-1),Asia Africa Europe-1 (AAE-1),2/24/2024,Fiber optic data cable,"Red Sea, off Yemen near Bab al-Mandab Strait",Cut (Critical),MV Rubymar (anchor drag after Houthi missile strike),Yemen (Houthis); Iran (backing),What Caused the Red Sea Submarine Cable Cuts?; What We Know About Multiple Cable Faults,,,12.7,43.4,Resolved,Kentik,https://www.kentik.com/blog/what-caused-the-red-sea-submarine-cable-cuts/,,
SEACOM/Tata TGN-Eurasia,SEACOM/Tata TGN-Eurasia,2/24/2024,Fiber optic data cable,"Red Sea, off Yemen near Bab al-Mandab Strait",Cut (Critical),MV Rubymar (anchor drag after Houthi missile strike),Yemen (Houthis); Iran (backing),What Caused the Red Sea Submarine Cable Cuts?; Houthis Hit Underwater Communications Cables,,,12.7,43.4,Resolved,Kentik,https://www.kentik.com/blog/what-caused-the-red-sea-submarine-cable-cuts/,,
Asia Africa Europe-1 (AAE-1),Asia Africa Europe-1 (AAE-1),2/15/2024,Fiber optic data cable,"Red Sea, off Yemen",Cut (Critical),Unknown,Yemen (Houthis); Iran (backing),What Caused the Red Sea Submarine Cable Cuts?; Three Red Sea underwater data cables have been cut,,,12.7,43.4,Resolved,Kentik,https://www.kentik.com/blog/what-caused-the-red-sea-submarine-cable-cuts/,,
Europe India Gateway (EIG),Europe India Gateway (EIG),2/15/2024,Fiber optic data cable,"Red Sea, off Yemen",Cut (Critical),Unknown,Yemen (Houthis); Iran (backing),What Caused the Red Sea Submarine Cable Cuts?; Subsea fiber cable damaged in the Red Sea,,,12.7,43.4,Resolved,Kentik,https://www.kentik.com/blog/what-caused-the-red-sea-submarine-cable-cuts/,,
Baltic Sea Submarine Cable,Baltic Sea Submarine Cable (Balticconnector),10/8/2023,Gas pipeline,"Gulf of Finland, Baltic Sea",Cut (Critical),MV Newnew Polar Bear,China (suspected); Russia (suspected coordination),Finland and Estonia gas and telecom link damaged by external activity; Baltic nations tackle suspicious cable cuts,,,59.63,24.2,Resolved,Wikipedia,https://en.wikipedia.org/wiki/Baltic_Sea_underwater_infrastructure_incidents,,
Kingisepp-Kaliningrad System (Baltika),Kingisepp-Kaliningrad System (Baltika),10/7/2023,Fiber optic data cable,"Baltic Sea, Russia-Finland-Estonia",Cut (Major),Unknown,Russia (suspected),Russian cable under NATO lake damaged through 'external influence': Moscow,,,,,Resolved,Rostelecom,https://www.rostelecom.ru,,
Asia Africa Europe-1 (AAE-1),Asia Africa Europe-1 (AAE-1),9/27/2023,Fiber optic data cable,"Hong Kong, Pakistan",Cut (Major),Unknown,Unknown,AAE-1 Fault Repairs Not Anticipated Until November; AAE-1 cable cut causes widespread outages,,,,,Resolved,SubTel Forum,https://subtelforum.com/aae-1-fault-repairs-not-anticipated-until-november/,,
South American Crossing (SAC),South American Crossing (SAC),9/11/2023,Fiber optic data cable,"Rio de Janeiro-Fortaleza route, Brazil",Cut (Major),Unknown,Unknown,Cirion working to restore SAC cable's Rio de Janeiro-Fortaleza route,,,,,Resolved,Cirion,https://www.ciriontechnologies.com,,
Africa Coast to Europe (ACE),Africa Coast to Europe (ACE),8/7/2023,Fiber optic data cable,"DRC, Congo",Cut (Critical),N/A - natural disaster (submarine mudslide),None,Dual Subsea Cable Cuts Disrupt African Internet,,,5.32,-4.05,Resolved,SubTel Forum,https://subtelforum.com/dual-subsea-cable-cuts-disrupt-african-internet/,,
West Africa Cable System (WACS),West Africa Cable System (WACS),8/6/2023,Fiber optic data cable,"DRC, Cameroon, South Africa",Cut (Critical),N/A - natural disaster (submarine mudslide),None,South Africa Undersea Cables Break; Dual subsea cable cuts disrupt African Internet,,,-5.5,12,Resolved,SubTel Forum,https://subtelforum.com/south-africa-undersea-cables-break/,,
SAT-3/WASC,SAT-3/WASC,8/6/2023,Fiber optic data cable,"DRC, South Africa",Cut (Critical),N/A - natural disaster (submarine mudslide),None,South Africa Undersea Cables Break; Damaged undersea cables could take months to fix,,,-5.5,12,Resolved,SubTel Forum,https://subtelforum.com/south-africa-undersea-cables-break/,,
Quintillion Subsea Cable Network,Quintillion Subsea Cable Network,6/13/2023,Fiber optic data cable,"Arctic Alaska, United States",Cut (Critical),Unknown,Unknown,Cut cable causes internet and cellphone outages in Arctic Alaska; Quintillion Subsea Fiber Cable Repair Complete,,,,,Resolved,Quintillion,https://www.quintillion.com,,
Coral Sea Cable System (CS�),Coral Sea Cable System (CS²),5/10/2023,Fiber optic data cable,Solomon Islands,Cut (Major),Unknown,Unknown,Solomon Islands Internet, Mobile Hit by Cable Damage; Owners of ship that damaged cable to face charges,,-8.705394,159.107069,Resolved,SubTel Forum,https://subtelforum.com/solomon-islands-internet-mobile-hit-by-cable-damage/,,
South America-1 (SAm-1),South America-1 (SAm-1),3/4/2023,Fiber optic data cable,"Bahia, Brazil",Cut (Major),Unknown,Unknown,Telxius fará manutenção do cabo submarino rompido na Bahia,,,-12.285251,-41.929478,Resolved,Telxius,https://www.telxius.com,,
SeaMeWe-3,SeaMeWe-3,2/22/2023,Fiber optic data cable,South China Sea / Indian Ocean,Cut (Major),Unknown,Unknown,Four Cable Faults Impact Vietnam Telecoms,,,,,Resolved,VietnamNet,https://vietnamnet.vn/en/repairs-completed-on-five-broken-undersea-cables-linked-to-vietnam-2223445.html,,
Taiwan Penghu Kinmen Matsu No.2 (TPKM2),Taiwan Penghu Kinmen Matsu No.2 (TPKM2),2/8/2023,Fiber optic data cable,Taiwan Strait,Cut (Major),Chinese fishing vessel,China (suspected),Cut Submarine Cables Between Taiwan and Matsu Raise Concerns; After Chinese Vessels Cut Matsu Internet Cables,,,26.37,120.49,Resolved,New Bloom Magazine,https://newbloommag.net/2023/02/17/matsu-submarine-cable-cut/,,
Taiwan Penghu Kinmen Matsu No.3 (TPKM3),Taiwan Penghu Kinmen Matsu No.3 (TPKM3),2/8/2023,Fiber optic data cable,Taiwan Strait,Cut (Major),Chinese cargo vessel,China (suspected),Cut Submarine Cables Between Taiwan and Matsu Raise Concerns; After Chinese Vessels Cut Matsu Internet Cables,,,26.16,120,Resolved,New Bloom Magazine,https://newbloommag.net/2023/02/17/matsu-submarine-cable-cut/,,
Asia Pacific Gateway (APG),Asia Pacific Gateway (APG),1/21/2023,Fiber optic data cable,Off Vietnam,Cut (Major),Unknown,Unknown,Vietnam's APG Undersea Cable Malfunctions Post-Repair; Four Cable Faults Impact Vietnam Telecoms,,,15.926666,107.965086,Resolved,VietnamNet,https://vietnamnet.vn/en/repairs-completed-on-five-broken-undersea-cables-linked-to-vietnam-2223445.html,,
Asia-America Gateway (AAG) Cable System,Asia-America Gateway (AAG) Cable System,1/15/2023,Fiber optic data cable,Off Vietnam,Cut (Major),Unknown,Unknown,AAG Still Not Fixed And APG Now Has Another Fault; Repairs for undersea internet cables to last from March to April,,,10.35,107.08,Resolved,SubTel Forum,https://subtelforum.com/aag-still-not-fixed-and-apg-now-has-another-fault/,,
Asia Pacific Gateway (APG),Asia Pacific Gateway (APG),12/26/2022,Fiber optic data cable,"Vietnam, Hong Kong",Cut (Major),Unknown,Unknown,Four undersea cable routes to be fixed soon,,,,,Resolved,VietnamNet,https://vietnamnet.vn/en/repairs-completed-on-five-broken-undersea-cables-linked-to-vietnam-2223445.html,,
SeaMeWe-5,SeaMeWe-5,10/29/2022,Fiber optic data cable,"Egypt, Indonesia, Pakistan",Cut (Major),Unknown,Unknown,Submarine cable cut brings internet pain to Asia, Africa; Sea-Me-We-5 Fault Causing Disruptions,,,,Resolved,SubTel Forum,https://subtelforum.com/submarine-cable-cut-brings-internet-pain-to-asia-africa/,,
SHEFA-2,SHEFA-2,10/20/2022,Fiber optic data cable,"Near Orkney-Faroe, United Kingdom",Cut (Major),Fishing vessel (suspected),Unknown,Fishing Vessel Blamed in Orkney-Faroe Subsea Cable Disruption,,,,,Resolved,Shetland News,https://www.shetlandnews.co.uk,,
COGIM,COGIM,9/26/2022,Fiber optic data cable,Canada,Cut (Major),Unknown,Unknown,Hurricane Fiona aftermath and recovery,,,61.066692,-107.991707,Resolved,CBC News,https://www.cbc.ca/news/canada,,
Asia Pacific Gateway (APG),Asia Pacific Gateway (APG),9/15/2022,Fiber optic data cable,"Vietnam, Singapore",Cut (Major),Unknown,Unknown,Two of Three Damaged Cables In Vietnam Repaired,,,,,Resolved,VietnamNet,https://vietnamnet.vn/en/repairs-completed-on-five-broken-undersea-cables-linked-to-vietnam-2223445.html,,
Kumul Domestic Submarine Cable System,Kumul Domestic Submarine Cable System,9/11/2022,Fiber optic data cable,Papua New Guinea,Cut (Major),Unknown,Unknown,Quake damages PNG seabed cable,,,-5.681607,144.248908,Resolved,SubTel Forum,https://subtelforum.com/quake-damages-png-seabed-cable/,,
PIPE Pacific Cable-1 (PPC-1),PIPE Pacific Cable-1 (PPC-1),9/11/2022,Fiber optic data cable,Papua New Guinea,Cut (Major),Unknown,Unknown,Papua New Guinea suffers suspected cable break after earthquake; SubCom to Repair PCC-1 Earthquake Damage,,,-5.681607,144.248908,Resolved,SubTel Forum,https://subtelforum.com/papua-new-guinea-suffers-suspected-cable-break-after-earthquake/,,
Greenland Connect,Greenland Connect,8/21/2022,Fiber optic data cable,Greenland,Degradation (Major),Unknown,Unknown,Greenland Connect Repair to Start This Month; Greenland Connect Repairs Have Been Completed,,,77.619235,-42.812597,Resolved,SubTel Forum,https://subtelforum.com/greenland-connect-repair-to-start-this-month/,,
Asia Pacific Gateway (APG),Asia Pacific Gateway (APG),7/26/2022,Fiber optic data cable,"Vietnam, China",Cut (Major),Unknown,Unknown,Submarine internet cable APG sees disruptions for fourth time in 2022,,,16.321181,111.978923,Resolved,VietnamNet,https://vietnamnet.vn/en/repairs-completed-on-five-broken-undersea-cables-linked-to-vietnam-2223445.html,,
Asia-America Gateway (AAG) Cable System,Asia-America Gateway (AAG) Cable System,6/30/2022,Fiber optic data cable,Off Vietnam,Cut (Major),Unknown,Unknown,Submarine internet cable sees disruptions for fourth time in 2022; Vietnam's AAG Repair Complete,,,10.35,107.08,Resolved,VietnamNet,https://vietnamnet.vn/en/repairs-completed-on-five-broken-undersea-cables-linked-to-vietnam-2223445.html,,
Asia Africa Europe-1 (AAE-1),Asia Africa Europe-1 (AAE-1),6/7/2022,Fiber optic data cable,Egypt,Cut (Major),Unknown,Unknown,AAE-1 & SMW5 cable cuts impact millions of users,,,26.254049,29.267547,Resolved,Cloudflare,https://blog.cloudflare.com/aae-1-smw5-cable-cuts/,,
SeaMeWe-5,SeaMeWe-5,6/7/2022,Fiber optic data cable,Egypt,Cut (Major),Unknown,Unknown,AAE-1 & SMW5 cable cuts impact millions of users,,,26.254049,29.267547,Resolved,Cloudflare,https://blog.cloudflare.com/aae-1-smw5-cable-cuts/,,
Coral Sea Cable System (CS�),Coral Sea Cable System (CS²),5/22/2022,Fiber optic data cable,"Papua New Guinea, Australia",Degradation (Major),Unknown,Unknown,Coral Sea Cable System Shunt Fault Repair Rescheduled; DataCo plans outage to fix Coral Sea cable system,,,,,Resolved,SubTel Forum,https://subtelforum.com/coral-sea-cable-system-shunt-fault-repair-rescheduled/,,
Bass Strait-1,Bass Strait-1,3/1/2022,Fiber optic data cable,"Bass Strait, Tasmania, Australia",Cut (Major),Unknown,Unknown,Tasmania loses Internet connectivity for several hours after cable cuts; Tasmanian data services hit by twin Telstra fibre cuts,,,,,Resolved,SubTel Forum,https://subtelforum.com/tasmania-loses-internet-connectivity-for-several-hours-after-cable-cuts/,,
FALCON,FALCON,1/21/2022,Fiber optic data cable,Yemen,Cut (Critical),Unknown,Yemen (Houthis); Iran (backing),Yemen has lost Internet after Saudi-led airstrikes; Falcon Cable Fault Believed To Be From Air Strike,,,25.2,55.3,Resolved,SubTel Forum,https://subtelforum.com/yemen-has-lost-internet-after-saudi-led-airstrikes/,,
Tonga Domestic Cable Extension (TDCE),Tonga Domestic Cable Extension (TDCE),1/16/2022,Fiber optic data cable,Tonga,Cut (Critical),N/A - natural disaster (volcanic eruption),None,Tonga's Domestic submarine cable fixed 18 months after volcanic eruption; Tonga Cable Fixed 18 Months Post-Eruption,,,-20.54,-175.38,Resolved,SubTel Forum,https://subtelforum.com/tongas-domestic-submarine-cable-fixed-18-months-after-volcanic-eruption/,,
Asia Pacific Gateway (APG),Asia Pacific Gateway (APG),12/13/2021,Fiber optic data cable,"Vietnam, Hong Kong",Cut (Major),Unknown,Unknown,APG Experiencing Loss of Service From Fault; Faulty undersea cable to slow internet speed in Vietnam,,,,,Resolved,VietnamNet,https://vietnamnet.vn/en/repairs-completed-on-five-broken-undersea-cables-linked-to-vietnam-2223445.html,,
Asia Pacific Gateway (APG),Asia Pacific Gateway (APG),10/29/2021,Fiber optic data cable,Off Vietnam,Cut (Major),Unknown,Unknown,AAG Still Not Fixed And APG Now Has Another Fault,,,15.926666,107.965086,Resolved,SubTel Forum,https://subtelforum.com/aag-still-not-fixed-and-apg-now-has-another-fault/,,
Asia-America Gateway (AAG) Cable System,Asia-America Gateway (AAG) Cable System,10/22/2021,Fiber optic data cable,Off Vietnam,Cut (Major),Unknown,Unknown,Vietnam's AAG Repair Complete; Vietnam's AAG international submarine internet cable fully restored,,,10.35,107.08,Resolved,VietnamNet,https://vietnamnet.vn/en/repairs-completed-on-five-broken-undersea-cables-linked-to-vietnam-2223445.html,,
Asia Africa Europe-1 (AAE-1),Asia Africa Europe-1 (AAE-1),9/4/2021,Fiber optic data cable,South China Sea / Asia-Pacific,Unknown,Unknown,AAE-1 and APG submarine cables disrupted,,,,,,Resolved,SubTel Forum,https://subtelforum.com/aae-1-and-apg-submarine-cables-disrupted/,,
Asia-America Gateway (AAG) Cable System,Asia-America Gateway (AAG) Cable System,7/2/2021,Fiber optic data cable,Off Vietnam,Cut (Major),Unknown,Unknown,Vietnam's AAG Repair Complete,,,10.35,107.08,Resolved,VietnamNet,https://vietnamnet.vn/en/repairs-completed-on-five-broken-undersea-cables-linked-to-vietnam-2223445.html,,
Asia Africa Europe-1 (AAE-1),Asia Africa Europe-1 (AAE-1),5/25/2021,Fiber optic data cable,South China Sea / Asia-Pacific,Unknown,Unknown,AAE-1 submarine cable disrupted,,,,,,Resolved,SubTel Forum,https://subtelforum.com/aae-1-submarine-cable-disrupted/,,
COBRAcable,COBRAcable,9/30/2020,Power cable,"Netherlands, Denmark",Cut (Major),Unknown,Unknown,COBRAcable back in business,,,,,Resolved,SubTel Forum,https://subtelforum.com/cobracable-back-in-business/,,
Eastern Africa Submarine System (EASSy),Eastern Africa Submarine System (EASSy),7/26/2020,Fiber optic data cable,Somalia,Cut (Major),Unknown,Unknown,Somalia Internet Restored Temporarily; EASSy cable restores service in Somalia following outage,,,8.367677,49.083416,Resolved,SubTel Forum,https://subtelforum.com/somalia-internet-restored-temporarily/,,
Asia Africa Europe-1 (AAE-1),Asia Africa Europe-1 (AAE-1),6/3/2020,Fiber optic data cable,"Hong Kong, Vietnam",Cut (Major),Unknown,Unknown,AAE-1 and APG submarine cables disrupted, impacting Vietnam's Internet,,,,Resolved,SubTel Forum,https://subtelforum.com/aae-1-and-apg-submarine-cables-disrupted-impacting-vietnams-internet/,,
Asia Pacific Gateway (APG),Asia Pacific Gateway (APG),5/23/2020,Fiber optic data cable,"Vietnam, Singapore",Cut (Major),Unknown,Unknown,Cable Faults Impact Internet in Vietnam, Cambodia & Laos; Submarine cable fault hits Vietnam international Internet capacity,,,,Resolved,VietnamNet,https://vietnamnet.vn/en/repairs-completed-on-five-broken-undersea-cables-linked-to-vietnam-2223445.html,,
Asia-America Gateway (AAG) Cable System,Asia-America Gateway (AAG) Cable System,4/2/2020,Fiber optic data cable,Off Vietnam,Cut (Major),Unknown,Unknown,AAG Cable Down Offshore Vietnam on April 3,,,10.35,107.08,Resolved,SubTel Forum,https://subtelforum.com/aag-cable-down-offshore-vietnam-on-april-3/,,
West Africa Cable System (WACS),West Africa Cable System (WACS),3/27/2020,Fiber optic data cable,"DRC, South Africa",Cut (Major),N/A - natural disaster (submarine mudslide),None,SAT-3, WACS Suffer New Cable Fault,,-5.5,12,Resolved,SubTel Forum,https://subtelforum.com/sat-3-wacs-suffer-new-cable-fault/,,
SAT-3/WASC,SAT-3/WASC,1/16/2020,Fiber optic data cable,"DRC, South Africa",Cut (Critical),N/A - natural disaster (submarine mudslide),None,2020 SAT-3 & WACS Faults Possibly Caused by Massive Mudslide; Sat-3, WACS cable breaks in 2020 likely caused by mudslide,,-5.5,12,Resolved,SubTel Forum,https://subtelforum.com/sat-3-wacs-faults-possibly-caused-by-massive-mudslide/,,
West Africa Cable System (WACS),West Africa Cable System (WACS),1/16/2020,Fiber optic data cable,"DRC, South Africa",Cut (Critical),N/A - natural disaster (submarine mudslide),None,Two subsea cables damaged in West Africa,,,-5.5,12,Resolved,SubTel Forum,https://subtelforum.com/two-subsea-cables-damaged-in-west-africa/,,
Asia-America Gateway (AAG) Cable System,Asia-America Gateway (AAG) Cable System,8/15/2019,Fiber optic data cable,Off Vietnam,Cut (Major),Unknown,Unknown,AAG Cable Fault Impacts Vietnam Internet Again; AAG Cable Breaks and Restoration; AAG submarine cable fixed,,,10.35,107.08,Resolved,SubTel Forum,https://subtelforum.com/aag-cable-fault-impacts-vietnam-internet-again/,,
Asia Pacific Gateway (APG),Asia Pacific Gateway (APG),5/27/2019,Fiber optic data cable,Off Vietnam,Cut (Major),Unknown,Unknown,Asia-Pacific Gateway submarine cable problem fixed; APG Submarine Cable System Under Maintenance,,,15.926666,107.965086,Resolved,VietnamNet,https://vietnamnet.vn/en/repairs-completed-on-five-broken-undersea-cables-linked-to-vietnam-2223445.html,,
Asia Pacific Gateway (APG),Asia Pacific Gateway (APG),2/27/2019,Fiber optic data cable,"Vietnam, Hong Kong",Cut (Major),Unknown,Unknown,APG Submarine Cable System Under Maintenance,,,,,Resolved,VietnamNet,https://vietnamnet.vn/en/repairs-completed-on-five-broken-undersea-cables-linked-to-vietnam-2223445.html,,
Tonga Cable,Tonga Cable,1/20/2019,Fiber optic data cable,Tonga,Cut (Critical),Unknown,Unknown,Tonga facing 'absolute disaster' after internet cable blackout; 'Reliance' finds second fault on Tonga fibre optic cable,,,-20.54,-175.38,Resolved,SubTel Forum,https://subtelforum.com/tonga-facing-absolute-disaster-after-internet-cable-blackout/,,
Asia-America Gateway (AAG) Cable System,Asia-America Gateway (AAG) Cable System,8/23/2018,Fiber optic data cable,Off Vietnam,Degradation (Major),Unknown,Unknown,AAG Cable Breaks and Restoration; Internet crawls as another undersea cable encounters failure,,,10.35,107.08,Resolved,SubTel Forum,https://subtelforum.com/internet-crawls-as-another-undersea-cable-encounters-failure/,,
Asia-America Gateway (AAG) Cable System,Asia-America Gateway (AAG) Cable System,6/16/2018,Fiber optic data cable,Off Vietnam,Cut (Major),Unknown,Unknown,AAG Cable Breaks and Restoration,,,10.35,107.08,Resolved,SubTel Forum,https://subtelforum.com/aag-cable-breaks-and-restoration/,,
Africa Coast to Europe (ACE),Africa Coast to Europe (ACE),3/30/2018,Fiber optic data cable,"Mauritania, Sierra Leone, Gambia, Guinea-Bissau, Guinea",Cut (Major),Unknown,Unknown,ACE Submarine Cable Cut Impacts Ten Countries; ACE submarine cable cut  large-scale network failure,,,18.08,-15.97,Resolved,SubTel Forum,https://subtelforum.com/ace-submarine-cable-cut-impact/,,
Bharat Lanka Cable System,Bharat Lanka Cable System,2/1/2018,Fiber optic data cable,"India, Sri Lanka",Cut (Major),Unknown,Unknown,Optical Fibre Company Repairs Undersea Cable Facility; Optical fibre company repairs undersea net cable facility to SL,,,,,Resolved,SubTel Forum,https://subtelforum.com/optical-fibre-company-repairs-undersea-cable-facility/,,
Asia-America Gateway (AAG) Cable System,Asia-America Gateway (AAG) Cable System,8/27/2017,Fiber optic data cable,"Hong Kong, Vietnam",Cut (Major),N/A - natural disaster (typhoon),None,AAG Cable Breaks and Restoration; Another Asia America Gateway Undersea Cable Cut,,,22.2,113.85,Resolved,SubTel Forum,https://subtelforum.com/aag-cable-breaks-and-restoration/,,
SAT-3/WASC,SAT-3/WASC,7/12/2017,Fiber optic data cable,South Africa,Cut (Major),Unknown,Unknown,Cable break downs SAT-3,,,-34,18,Resolved,SubTel Forum,https://subtelforum.com/cable-break-downs-sat-3/,,
Eastern Africa Submarine System (EASSy),Eastern Africa Submarine System (EASSy),6/23/2017,Fiber optic data cable,"Kenya, Tanzania, Rwanda",Cut (Major),Unknown,Unknown,Mombasa: High-speed internet connection disrupted by ship's anchor,,,,,Resolved,SubTel Forum,https://subtelforum.com/mombasa-high-speed-internet-connection-disrupted-by-ships-anchor/,,
West Africa Cable System (WACS),West Africa Cable System (WACS),6/9/2017,Fiber optic data cable,Congo,Cut (Major),Unknown,Unknown,Congo-Brazzaville Facing Major Submarine Cable Outage,,,-5.5,12,Resolved,SubTel Forum,https://subtelforum.com/congo-brazzaville-facing-major-submarine-cable-outage/,,
Asia-America Gateway (AAG) Cable System,Asia-America Gateway (AAG) Cable System,2/18/2017,Fiber optic data cable,"Vietnam, Hong Kong",Cut (Major),Unknown,Unknown,AAG Cable Breaks and Restoration,,,10.35,107.08,Resolved,SubTel Forum,https://subtelforum.com/aag-cable-breaks-and-restoration/,,
Glo-1,Glo-1,2/16/2017,Fiber optic data cable,"Nigeria, United Kingdom",Cut (Major),Unknown,Unknown,ASN Marine to Repair GLO-1 Subsea Cable,,,,,Resolved,SubTel Forum,https://subtelforum.com/asn-marine-to-repair-glo-1-subsea-cable/,,
Asia-America Gateway (AAG) Cable System,Asia-America Gateway (AAG) Cable System,1/8/2017,Fiber optic data cable,Off Vietnam,Cut (Major),Unknown,Unknown,AAG Cable Breaks and Restoration,,,10.35,107.08,Resolved,SubTel Forum,https://subtelforum.com/aag-cable-breaks-and-restoration/,,
